year,age,gender,drugType,frequency,peerInfluence,familyHistory,mentalHealthIssue,schoolPerformance,economicStatus,region,accessToTreatment,parentalSupervision,criminalRecord,usageDurationYears,monthlyExpenseDrug,mentalHealthScore,hoursSocializingPerWeek,annualIncome,numberOfFriendsUsingDrugs
2011,18,female,prescription,weekly,high,no,yes,poor,low,suburban,easy,low,no,4,359.22,70,14.98,16795,5
2019,18,male,hallucinogens,monthly,medium,yes,yes,poor,high,rural,easy,moderate,yes,4,430.0,18,19.59545718432511,1860,5
2010,17,female,hallucinogens,daily,high,no,yes,average,middle,urban,easy,moderate,yes,8,387.33,83,29.28,39158,11
2023,24,female,marijuana,daily,high,no,yes,excellent,high,suburban,difficult,moderate,yes,5,63.71,48,23.95,24987,12
2004,18,female,cocaine,weekly,medium,no,yes,poor,middle,rural,difficult,low,no,7,440.25,37,6.24,12284,12
2012,20,nonbinary,prescription,daily,medium,no,no,poor,middle,rural,easy,low,yes,3,209.37,48,6.24,7265,14
2001,27,nonbinary,prescription,daily,low,no,no,average,low,urban,easy,high,no,7,228.72,56,2.32,17850,11
2020,20,nonbinary,marijuana,rarely,high,no,no,excellent,low,suburban,easy,high,no,8,97.19,59,34.65,38194,10
2018,26,male,hallucinogens,weekly,medium,no,no,poor,low,suburban,easy,high,no,5,381.83,3,24.04,22962,4
2015,17,male,others,monthly,low,yes,no,poor,middle,urban,moderate,low,yes,4,132.03,28,28.32,48191,3
2011,24,female,marijuana,rarely,medium,no,yes,average,middle,suburban,difficult,high,yes,8,303.78,74,19.59545718432511,45131,2
2007,23,female,others,monthly,low,no,no,poor,high,rural,easy,moderate,no,4,428.32,35,19.59545718432511,24987,11
2023,15,male,marijuana,rarely,medium,no,yes,excellent,low,suburban,moderate,high,no,3,90.14,61,33.3,42090,11
2017,20,female,others,weekly,low,no,no,good,high,rural,easy,low,no,6,290.9,93,8.49,2685,17
2005,22,female,marijuana,monthly,low,no,yes,average,low,urban,difficult,moderate,no,5,154.95,54,7.27,1769,11
2020,17,female,marijuana,rarely,high,no,no,average,low,urban,easy,low,no,2,204.32,63,7.34,3433,8
2000,24,male,others,monthly,high,yes,no,poor,middle,urban,difficult,high,no,4,282.1589280469897,79,12.17,6311,16
2013,18,male,hallucinogens,daily,low,yes,yes,good,high,rural,easy,moderate,yes,6,209.8,97,20.99,38819,13
2005,24,male,others,daily,medium,yes,no,poor,low,suburban,difficult,high,no,2,341.97,7,17.28,40188,14
2002,21,male,alcohol,rarely,high,no,no,good,high,rural,moderate,moderate,yes,5,265.81,76,11.65,18568,11
2008,24,nonbinary,marijuana,weekly,low,no,no,excellent,low,urban,easy,high,no,1,312.89,49,24.47,20769,2
2017,23,male,prescription,weekly,medium,no,no,poor,middle,urban,moderate,low,no,6,381.57,94,5.58,29693,15
2011,20,male,marijuana,daily,high,yes,no,good,high,urban,moderate,moderate,no,9,300.98,85,11.69,7396,10
2010,24,female,others,rarely,medium,no,no,good,middle,rural,easy,low,yes,1,313.94,31,14.65,28480,11
2005,20,female,others,weekly,medium,yes,yes,average,middle,urban,easy,high,no,3,304.01,58,18.24,42434,9
2018,16,female,hallucinogens,rarely,medium,no,no,poor,middle,urban,difficult,moderate,no,7,220.45,61,31.41,26658,15
2022,23,female,cocaine,monthly,high,yes,no,good,middle,suburban,difficult,low,no,4,201.85,24,7.99,19942,7
2016,26,female,hallucinogens,monthly,medium,yes,yes,average,high,urban,easy,high,yes,9,454.84,20,20.57,19431,5
2009,24,male,hallucinogens,weekly,high,no,yes,average,low,rural,difficult,low,yes,3,323.4,37,23.7,24987,11
2023,24,female,prescription,weekly,low,no,no,good,middle,urban,moderate,low,no,5,159.96,4,1.86,1189,7
2005,20,female,cocaine,weekly,medium,no,yes,poor,high,rural,moderate,high,no,3,282.1589280469897,92,24.3,20118,3
2012,26,female,marijuana,monthly,medium,no,yes,excellent,high,rural,moderate,moderate,no,4,198.66,20,6.82,36773,7
2012,25,male,hallucinogens,weekly,low,yes,no,good,low,urban,difficult,low,yes,5,470.16,60,2.6,2899,17
2003,23,female,prescription,weekly,medium,yes,no,poor,low,rural,moderate,moderate,no,9,53.39,24,37.96,2267,4
2011,23,male,marijuana,rarely,high,no,yes,poor,middle,rural,difficult,high,yes,7,151.4,50,38.63,32551,8
2007,22,nonbinary,marijuana,rarely,high,no,no,average,low,suburban,difficult,high,yes,2,214.41,49,19.59545718432511,12394,3
2020,16,female,prescription,rarely,medium,no,no,excellent,low,urban,difficult,moderate,no,4,269.51,51,12.18,24987,16
2007,26,male,prescription,rarely,high,no,yes,poor,low,rural,difficult,moderate,yes,9,432.87,96,3.91,4890,8
2022,18,male,alcohol,daily,high,no,yes,poor,middle,rural,moderate,moderate,no,2,89.55,48,27.37,42606,11
2012,20,nonbinary,hallucinogens,weekly,high,yes,yes,excellent,middle,rural,easy,low,yes,9,412.64,98,17.61,31740,11
2003,16,male,hallucinogens,daily,medium,no,yes,poor,middle,suburban,moderate,high,no,5,75.04,66,4.88,15502,12
2001,20,nonbinary,prescription,daily,high,no,yes,excellent,low,urban,moderate,high,no,2,429.04,79,19.59545718432511,22777,11
2017,19,female,cocaine,rarely,medium,no,yes,poor,high,urban,moderate,moderate,yes,4,73.24,34,1.38,11627,12
2011,17,nonbinary,marijuana,daily,medium,no,yes,excellent,high,rural,easy,high,yes,7,58.21,36,36.37,9792,13
2018,27,male,hallucinogens,daily,medium,no,no,poor,high,urban,difficult,moderate,no,8,363.63,6,10.35,44323,2
2011,16,female,hallucinogens,weekly,medium,yes,yes,excellent,middle,suburban,easy,high,yes,3,498.76,39,26.5,44021,5
2011,24,female,others,weekly,low,yes,yes,good,high,suburban,moderate,high,no,1,453.47,42,12.47,9433,17
2014,17,nonbinary,others,rarely,high,no,yes,poor,middle,suburban,moderate,low,no,4,309.2,48,20.8,44001,18
2009,18,male,others,weekly,low,yes,yes,poor,high,urban,easy,moderate,no,2,462.83,12,21.87,12016,4
2014,20,male,prescription,daily,high,no,no,average,middle,rural,difficult,moderate,no,8,52.39,3,7.39,24897,14
2011,21,female,alcohol,rarely,low,yes,yes,poor,middle,urban,difficult,moderate,yes,4,488.78,18,38.78,3612,1
2007,17,nonbinary,prescription,rarely,high,yes,no,average,high,suburban,easy,low,yes,2,270.84,40,31.01,24483,9
2015,16,female,prescription,weekly,high,yes,yes,poor,middle,suburban,difficult,high,yes,6,375.3,21,37.58,24987,17
2015,22,male,marijuana,daily,high,no,no,poor,low,suburban,moderate,low,no,6,419.39,15,35.79,18159,12
2011,18,male,marijuana,daily,low,no,no,poor,middle,rural,moderate,high,no,4,373.31,97,23.92,45974,4
2011,19,male,prescription,weekly,low,no,yes,poor,low,urban,difficult,moderate,no,6,290.77,99,36.87,41994,11
2018,22,male,cocaine,rarely,high,yes,no,average,high,suburban,easy,high,no,2,264.48,26,3.54,15541,11
2012,18,female,marijuana,monthly,medium,yes,no,excellent,middle,urban,easy,moderate,no,2,282.1589280469897,8,7.84,36920,17
2022,27,female,hallucinogens,rarely,low,no,yes,good,middle,suburban,easy,high,yes,4,142.28,94,1.81,27531,14
2015,18,nonbinary,cocaine,rarely,high,no,no,poor,low,rural,moderate,high,yes,4,485.6,87,13.01,2585,11
2011,22,female,prescription,daily,high,yes,yes,poor,high,urban,difficult,low,yes,7,369.93,48,15.55,4943,10
2011,17,nonbinary,prescription,weekly,medium,yes,no,excellent,high,rural,easy,moderate,no,9,139.78,44,10.85,24939,16
2014,15,nonbinary,hallucinogens,weekly,low,yes,no,average,high,urban,difficult,low,no,8,381.31,14,33.15,20457,12
2011,23,nonbinary,prescription,monthly,medium,no,no,excellent,middle,rural,difficult,high,yes,5,288.43,78,14.27,2021,11
2015,23,nonbinary,marijuana,monthly,medium,yes,yes,average,middle,urban,difficult,moderate,no,2,368.25,2,11.24,12653,1
2022,26,female,hallucinogens,weekly,medium,yes,no,average,low,suburban,easy,low,yes,5,395.5,37,21.71,24987,8
2019,15,male,marijuana,rarely,low,no,no,excellent,high,suburban,easy,high,no,8,89.28,69,5.64,14417,2
2008,22,female,marijuana,daily,high,yes,yes,excellent,middle,suburban,difficult,moderate,no,9,277.75,38,19.59545718432511,41757,11
2019,25,female,hallucinogens,daily,low,yes,yes,average,high,urban,easy,high,yes,9,469.41,41,19.59545718432511,24987,15
2013,16,female,cocaine,weekly,medium,yes,yes,poor,low,urban,easy,high,yes,1,194.29,62,39.48,46758,5
2005,16,male,marijuana,monthly,low,no,yes,average,high,urban,easy,moderate,yes,9,317.25,60,30.89,7873,16
2000,18,female,marijuana,daily,low,no,yes,good,low,suburban,moderate,low,yes,7,216.15,14,19.59545718432511,6675,4
2008,19,female,alcohol,monthly,low,yes,no,average,low,suburban,difficult,low,yes,9,254.42,89,0.22,1161,4
2005,22,female,marijuana,weekly,low,no,no,average,low,rural,difficult,high,no,8,296.87,84,32.62,38065,5
2017,22,male,hallucinogens,monthly,high,no,yes,excellent,low,urban,easy,low,yes,1,297.01,2,28.27,27557,2
2011,22,female,alcohol,daily,high,no,yes,excellent,low,rural,difficult,moderate,no,4,282.1589280469897,70,29.16,34763,4
2006,20,nonbinary,cocaine,daily,high,yes,yes,good,middle,rural,moderate,moderate,no,8,358.06,48,30.85,33606,4
2006,25,female,others,weekly,low,no,yes,average,high,rural,difficult,high,yes,3,89.54,89,2.96,12534,9
2022,22,female,marijuana,weekly,low,no,no,good,high,rural,easy,high,yes,1,112.47,28,14.34,30127,9
2020,18,male,alcohol,weekly,medium,no,no,poor,high,suburban,easy,low,no,8,51.22,66,4.63,41397,18
2008,17,female,cocaine,rarely,high,no,yes,poor,high,rural,moderate,moderate,no,3,102.51,35,34.52,26851,16
2011,27,female,cocaine,rarely,medium,no,yes,excellent,high,rural,easy,high,yes,3,262.92,5,24.93,2016,11
2001,16,male,marijuana,weekly,low,yes,no,poor,low,rural,easy,moderate,yes,1,322.75,65,13.24,25253,8
2001,25,female,hallucinogens,daily,medium,no,no,excellent,middle,rural,moderate,high,yes,5,407.43,40,2.54,25276,13
2011,26,male,alcohol,rarely,high,yes,no,poor,middle,urban,easy,low,yes,7,98.01,76,12.44,24247,11
2014,21,nonbinary,hallucinogens,weekly,high,no,yes,good,middle,rural,moderate,low,no,4,282.1589280469897,56,13.01,25300,18
2001,27,female,others,weekly,high,no,no,good,middle,urban,easy,low,no,7,385.69,36,29.18,9529,12
2011,19,female,prescription,monthly,medium,no,no,average,low,rural,moderate,moderate,no,9,282.1589280469897,48,25.5,18262,12
2019,16,male,hallucinogens,daily,medium,yes,no,poor,high,urban,difficult,moderate,no,8,469.82,23,35.49,10268,3
2006,20,female,marijuana,weekly,medium,no,yes,poor,high,urban,easy,high,no,2,495.92,47,18.89,22271,11
2017,27,female,prescription,monthly,high,no,no,excellent,high,rural,easy,high,yes,1,142.25,31,4.78,13185,16
2015,15,male,cocaine,monthly,low,yes,no,good,middle,urban,difficult,high,no,7,220.65,11,28.53,22243,7
2009,20,male,cocaine,weekly,medium,no,no,average,high,rural,easy,moderate,no,7,466.9,10,30.43,40099,1
2005,27,nonbinary,others,rarely,low,yes,no,good,middle,rural,easy,high,no,8,282.1589280469897,67,22.45,24987,7
2001,20,female,prescription,weekly,medium,yes,no,average,high,urban,easy,high,no,5,71.64,14,30.84,40976,6
2004,19,female,marijuana,monthly,low,no,no,poor,low,urban,easy,moderate,no,3,401.68,80,19.75,39044,1
2018,17,male,hallucinogens,daily,low,yes,yes,poor,middle,urban,difficult,moderate,no,8,282.1589280469897,74,20.91,49984,2
2020,17,female,others,daily,medium,no,no,poor,middle,urban,moderate,high,no,6,387.73,93,17.1,41774,11
2013,16,male,marijuana,daily,high,no,no,poor,low,rural,difficult,moderate,yes,3,409.79,10,1.02,3568,11
2011,20,nonbinary,alcohol,monthly,low,no,yes,good,middle,rural,easy,low,yes,1,282.1589280469897,76,4.32,3027,11
2015,18,female,marijuana,rarely,low,yes,yes,good,low,suburban,easy,low,yes,3,133.88,94,1.26,3695,11
2019,15,female,marijuana,daily,low,yes,no,average,low,rural,easy,high,no,5,156.06,1,25.46,49190,4
2012,27,nonbinary,cocaine,monthly,low,yes,no,poor,high,rural,moderate,moderate,yes,3,335.19,5,12.57,6258,16
2020,17,nonbinary,marijuana,rarely,low,no,no,average,high,rural,moderate,high,yes,1,458.54,20,20.34,23002,11
2023,26,nonbinary,cocaine,weekly,low,no,yes,excellent,low,urban,difficult,moderate,no,5,192.29,8,36.3,40504,14
2021,20,nonbinary,marijuana,weekly,high,no,no,good,high,suburban,difficult,high,no,7,314.74,43,9.97,34159,14
2021,20,male,marijuana,monthly,high,no,yes,excellent,middle,urban,easy,low,no,7,357.34,76,16.42,24987,4
2011,23,nonbinary,alcohol,weekly,high,yes,yes,average,middle,rural,moderate,low,no,9,282.1589280469897,48,30.22,13666,13
2005,18,female,alcohol,daily,high,yes,yes,good,high,suburban,difficult,moderate,no,3,371.2,57,9.15,39660,1
2011,20,nonbinary,prescription,weekly,medium,no,no,good,high,urban,easy,low,yes,7,454.85,64,3.08,4561,10
2018,15,nonbinary,alcohol,monthly,medium,no,yes,excellent,low,urban,easy,high,yes,1,330.85,84,11.59,27854,18
2015,25,nonbinary,hallucinogens,weekly,low,yes,yes,average,high,rural,easy,low,yes,4,292.9,28,6.45,39952,6
2002,17,female,marijuana,weekly,high,yes,yes,poor,low,rural,difficult,high,yes,4,247.44,37,37.19,23662,11
2011,23,nonbinary,alcohol,monthly,low,yes,yes,excellent,middle,rural,difficult,moderate,no,5,309.87,47,32.32,9392,11
2020,24,female,hallucinogens,monthly,medium,no,yes,poor,high,suburban,easy,low,yes,7,209.91,76,25.34,31535,5
2011,27,nonbinary,marijuana,weekly,low,no,yes,poor,high,rural,easy,low,no,7,226.17,37,34.86,14067,17
2020,15,nonbinary,alcohol,daily,medium,yes,no,good,high,rural,moderate,moderate,yes,4,289.34,49,32.15,49033,1
2011,23,male,cocaine,weekly,medium,no,yes,poor,middle,urban,difficult,moderate,yes,7,282.1589280469897,44,7.46,24599,17
2006,19,female,marijuana,monthly,medium,no,no,poor,middle,urban,easy,low,no,3,153.06,56,35.7,36222,14
2017,24,nonbinary,cocaine,rarely,high,no,no,good,high,urban,difficult,low,yes,6,294.28,28,21.57,12837,18
2018,23,male,alcohol,monthly,high,no,yes,excellent,middle,rural,easy,moderate,yes,2,244.19,79,32.3,15039,1
2020,21,female,others,weekly,high,no,no,good,middle,rural,moderate,moderate,yes,9,199.77,6,35.84,31818,19
2012,20,male,cocaine,daily,low,no,no,excellent,low,rural,difficult,moderate,yes,5,378.75,61,12.72,20115,5
2021,17,nonbinary,others,weekly,low,no,yes,poor,low,urban,easy,moderate,yes,6,362.17,20,4.4,11965,11
2011,22,nonbinary,prescription,daily,low,no,yes,good,high,rural,easy,low,yes,4,125.03,78,9.12,25538,14
2007,15,nonbinary,marijuana,weekly,low,no,yes,excellent,middle,urban,difficult,moderate,no,7,445.38,2,17.08,43530,9
2000,22,female,alcohol,weekly,medium,no,yes,good,middle,urban,easy,moderate,no,9,282.1589280469897,73,32.72,6056,18
2004,19,female,alcohol,monthly,high,no,yes,average,high,suburban,moderate,low,no,4,383.66,37,34.43,33482,11
2016,25,female,others,daily,medium,yes,yes,poor,middle,urban,difficult,low,yes,4,307.92,48,0.28,48716,4
2017,25,nonbinary,marijuana,monthly,medium,yes,yes,average,low,rural,difficult,low,yes,1,498.96,26,20.43,9110,3
2002,21,nonbinary,alcohol,weekly,high,yes,yes,good,middle,urban,easy,moderate,yes,9,388.58,29,16.7,24987,9
2008,25,female,marijuana,daily,high,yes,yes,average,low,rural,easy,moderate,yes,9,368.14,1,19.59545718432511,28266,16
2011,27,male,cocaine,weekly,low,no,yes,poor,high,rural,moderate,low,yes,4,400.36,35,4.79,24987,9
2022,20,female,hallucinogens,rarely,medium,yes,yes,excellent,high,urban,moderate,moderate,yes,9,114.41,70,13.5,34270,16
2006,27,male,others,weekly,medium,yes,yes,average,high,urban,easy,moderate,yes,3,142.05,59,37.72,7910,19
2016,24,male,cocaine,daily,high,no,yes,good,low,rural,easy,high,yes,7,371.33,69,12.93,46453,4
2017,25,nonbinary,alcohol,weekly,high,no,yes,poor,high,suburban,moderate,low,yes,6,272.29,33,20.75,26446,1
2014,24,female,others,weekly,low,yes,no,good,low,urban,difficult,moderate,no,8,389.59,51,28.12,1206,5
2006,20,female,marijuana,daily,medium,yes,yes,poor,high,suburban,moderate,moderate,no,9,96.31,78,14.55,22518,1
2009,15,male,cocaine,weekly,low,no,no,poor,high,urban,moderate,high,yes,5,291.42,12,38.87,23361,12
2022,26,female,hallucinogens,weekly,high,yes,no,excellent,low,rural,easy,high,no,1,220.47,20,38.5,24419,10
2017,24,female,alcohol,weekly,high,no,no,poor,low,urban,moderate,low,yes,3,255.65,53,10.07,49702,10
2001,22,male,marijuana,weekly,high,no,no,excellent,middle,rural,easy,high,no,8,321.78,88,19.89,42523,15
2008,21,male,marijuana,monthly,low,yes,yes,good,middle,suburban,moderate,low,no,4,276.03,43,12.04,46151,10
2003,17,nonbinary,prescription,rarely,medium,no,yes,average,low,urban,easy,low,no,8,292.94,98,11.39,23403,18
2010,20,female,marijuana,rarely,low,no,no,poor,middle,suburban,difficult,low,no,9,268.86,89,1.48,19141,14
2023,17,male,marijuana,weekly,high,no,yes,poor,low,urban,easy,high,yes,4,234.03,50,24.38,15820,15
2014,17,male,others,monthly,low,yes,yes,good,low,urban,easy,low,no,1,397.35,29,20.11,24987,10
2011,25,female,cocaine,daily,high,yes,yes,average,low,suburban,easy,moderate,no,1,55.49,57,2.06,7374,15
2019,16,female,prescription,daily,high,no,no,average,middle,urban,moderate,low,no,4,319.3,48,11.15,2678,7
2016,26,nonbinary,marijuana,weekly,medium,yes,yes,average,low,urban,easy,low,yes,7,304.48,95,19.59545718432511,34827,3
2009,22,female,others,monthly,high,no,yes,excellent,low,rural,moderate,low,no,2,372.28,48,9.58,17198,7
2014,17,female,hallucinogens,rarely,medium,no,no,average,middle,urban,easy,low,no,3,319.56,43,5.8,10914,11
2008,19,female,hallucinogens,weekly,high,no,no,excellent,middle,urban,moderate,moderate,no,1,282.1589280469897,50,19.58,28890,2
2004,20,male,marijuana,rarely,medium,yes,no,excellent,low,urban,easy,moderate,no,5,481.58,23,39.43,23299,2
2018,23,male,hallucinogens,monthly,low,yes,no,good,low,urban,moderate,low,no,1,204.14,44,9.68,44585,17
2005,27,female,alcohol,rarely,high,no,no,poor,high,rural,moderate,moderate,no,4,152.31,48,26.89,44689,18
2023,23,female,prescription,daily,high,yes,no,poor,middle,urban,difficult,moderate,no,1,240.62,84,30.46,43557,18
2007,25,nonbinary,cocaine,monthly,low,no,yes,average,low,suburban,easy,low,yes,4,179.57,23,9.51,45020,4
2011,22,female,others,rarely,high,no,yes,excellent,low,rural,easy,high,yes,2,326.73,45,29.13,3693,11
2014,22,male,marijuana,weekly,high,yes,no,poor,low,suburban,easy,low,no,2,460.33,52,14.71,30467,9
2005,15,male,hallucinogens,monthly,low,yes,no,poor,low,suburban,easy,moderate,yes,6,282.1589280469897,80,25.29,30723,5
2000,18,female,cocaine,monthly,high,no,no,average,low,rural,moderate,low,no,7,95.36,50,25.34,47699,11
2005,22,female,prescription,weekly,low,yes,no,excellent,middle,suburban,difficult,high,no,5,165.21,8,21.43,4627,4
2020,15,female,others,weekly,high,no,yes,poor,high,suburban,easy,high,no,1,376.74,85,3.61,26939,8
2018,25,nonbinary,cocaine,monthly,high,no,no,good,middle,suburban,difficult,low,no,1,316.83,1,33.41,49925,11
2001,20,male,alcohol,daily,medium,yes,no,good,low,suburban,easy,low,no,3,96.0,8,12.83,43941,13
2019,25,male,alcohol,daily,low,yes,yes,good,low,urban,moderate,moderate,yes,2,463.44,48,7.46,22834,1
2023,16,male,marijuana,monthly,medium,yes,no,good,low,urban,easy,high,no,5,405.54,96,1.63,19047,16
2007,20,nonbinary,others,rarely,high,no,yes,poor,low,urban,difficult,moderate,no,6,60.36,5,19.59545718432511,27105,13
2023,21,female,cocaine,monthly,medium,no,yes,good,low,urban,moderate,high,yes,7,343.12,86,27.1,24987,12
2010,18,male,others,weekly,high,no,yes,poor,high,urban,moderate,low,no,4,397.06,47,0.66,16707,8
2020,15,nonbinary,others,weekly,low,yes,no,poor,low,urban,easy,moderate,yes,7,218.5,34,20.48,22976,14
2008,26,male,marijuana,monthly,medium,no,yes,good,high,urban,moderate,high,yes,8,81.01,65,9.06,45262,14
2013,21,nonbinary,alcohol,monthly,high,yes,no,excellent,low,rural,easy,moderate,no,1,84.79,55,25.81,24776,10
2003,20,female,prescription,weekly,high,yes,yes,poor,low,suburban,easy,moderate,no,6,96.91,90,6.97,31080,15
2014,16,female,marijuana,weekly,medium,no,yes,average,middle,urban,moderate,high,no,8,428.2,43,27.64,2306,16
2010,25,male,cocaine,weekly,high,no,yes,poor,low,rural,easy,high,no,5,459.81,74,15.47,7776,3
2007,27,female,prescription,weekly,low,yes,no,excellent,high,rural,moderate,moderate,yes,4,105.26,30,37.47,28251,11
2015,21,male,marijuana,weekly,high,no,no,poor,low,urban,difficult,low,yes,2,282.1589280469897,82,5.5,10474,11
2011,20,female,marijuana,monthly,high,yes,yes,average,middle,suburban,easy,low,yes,6,282.1589280469897,17,13.64,41294,16
2004,15,female,marijuana,weekly,medium,no,yes,excellent,high,suburban,easy,moderate,no,6,133.84,48,4.54,22959,2
2012,15,male,hallucinogens,weekly,high,no,yes,average,low,suburban,easy,high,no,1,426.87,8,36.99,6530,19
2019,16,female,others,daily,high,no,yes,poor,high,rural,difficult,low,yes,9,199.47,47,35.09,30320,14
2014,21,nonbinary,marijuana,weekly,high,yes,yes,poor,low,suburban,difficult,high,yes,6,190.15,76,10.32,4748,14
2023,21,nonbinary,others,rarely,medium,no,no,excellent,high,urban,difficult,moderate,yes,3,152.33,91,26.4,32968,13
2004,22,nonbinary,marijuana,weekly,low,yes,yes,poor,high,suburban,difficult,high,no,4,323.55,72,32.69,33562,13
2022,26,female,cocaine,daily,high,no,yes,excellent,middle,urban,easy,high,yes,4,220.69,89,22.21,14545,1
2021,26,female,alcohol,weekly,medium,no,yes,poor,high,rural,difficult,high,yes,3,384.91,46,21.19,1663,12
2007,21,nonbinary,marijuana,daily,low,no,yes,poor,middle,urban,moderate,low,yes,3,142.51,68,9.67,24987,13
2005,26,male,alcohol,weekly,high,yes,yes,average,low,rural,difficult,low,yes,3,404.51,33,3.72,8994,18
2000,15,female,cocaine,monthly,medium,no,no,excellent,high,urban,moderate,moderate,yes,4,321.67,1,35.89,29021,6
2007,23,male,others,monthly,low,no,no,average,low,urban,easy,low,yes,7,101.42,19,36.02,31303,2
2000,20,nonbinary,alcohol,rarely,low,yes,no,excellent,middle,suburban,moderate,high,no,4,236.53,31,25.32,4304,14
2003,27,nonbinary,prescription,monthly,medium,no,yes,average,high,rural,moderate,high,no,9,438.58,80,13.56,47576,13
2009,26,female,prescription,weekly,medium,no,no,poor,middle,urban,difficult,moderate,yes,1,465.33,48,13.97,40353,10
2002,17,male,alcohol,weekly,high,no,yes,good,high,urban,difficult,moderate,yes,8,259.57,53,19.59545718432511,18675,14
2004,25,female,hallucinogens,weekly,low,no,no,poor,high,urban,difficult,moderate,yes,7,266.38,48,35.88,45417,12
2005,19,male,prescription,weekly,high,no,yes,good,low,urban,easy,high,no,2,282.1589280469897,69,35.48,24938,11
2012,25,nonbinary,alcohol,weekly,high,yes,no,excellent,low,urban,easy,low,no,8,314.18,90,31.2,24664,5
2003,21,female,marijuana,weekly,high,yes,yes,poor,middle,rural,easy,low,yes,1,64.78,62,25.68,2636,2
2001,25,female,marijuana,monthly,low,no,no,excellent,high,suburban,difficult,high,no,9,460.74,92,3.37,21080,18
2014,15,female,marijuana,daily,medium,yes,yes,poor,high,urban,easy,moderate,yes,9,161.7,66,6.47,28728,14
2019,17,female,cocaine,weekly,low,no,no,poor,middle,urban,easy,moderate,no,2,309.93,64,35.94,27736,4
2011,25,female,marijuana,rarely,low,no,no,excellent,low,suburban,moderate,low,no,7,124.48,70,24.26,29673,9
2017,26,female,prescription,daily,medium,yes,no,excellent,low,suburban,difficult,moderate,no,3,65.25,63,0.37,38505,6
2010,27,female,alcohol,weekly,low,yes,no,good,middle,suburban,easy,low,no,7,190.16,73,4.06,48323,16
2004,26,female,prescription,monthly,high,yes,yes,good,middle,urban,easy,high,no,9,401.22,33,19.59545718432511,24987,6
2002,17,male,prescription,monthly,high,yes,no,excellent,high,urban,easy,low,no,4,174.91,41,0.2,1854,11
2011,18,male,cocaine,rarely,medium,yes,no,excellent,high,urban,easy,moderate,no,4,149.04,89,6.43,25548,16
2011,19,nonbinary,others,monthly,medium,yes,no,poor,low,urban,moderate,low,yes,2,145.71,48,21.95,39623,12
2014,18,nonbinary,hallucinogens,weekly,high,no,no,excellent,low,urban,difficult,moderate,yes,1,281.83,13,27.68,8392,19
2000,17,nonbinary,hallucinogens,monthly,medium,no,no,average,low,suburban,easy,high,no,5,488.99,73,26.08,47717,3
2011,18,male,marijuana,rarely,low,no,no,poor,high,urban,difficult,moderate,yes,5,256.55,77,8.97,24987,9
2011,25,female,cocaine,weekly,low,yes,yes,poor,middle,rural,easy,low,yes,4,300.79,31,28.49,39559,2
2008,23,male,cocaine,weekly,high,no,yes,average,low,suburban,moderate,low,no,9,437.28,75,9.49,27309,8
2015,20,nonbinary,marijuana,weekly,high,yes,yes,average,low,suburban,easy,moderate,no,9,290.78,68,13.02,22919,12
2018,20,nonbinary,cocaine,daily,high,yes,yes,poor,low,urban,moderate,moderate,no,3,133.01,98,29.86,5931,17
2001,18,nonbinary,prescription,weekly,medium,yes,yes,good,high,suburban,easy,low,no,3,184.82,4,25.99,33970,14
2021,15,male,cocaine,monthly,low,no,no,average,high,rural,moderate,low,no,3,189.47,19,33.97,45215,3
2020,19,male,prescription,rarely,high,no,yes,poor,high,suburban,moderate,moderate,no,4,228.79,70,26.3,13688,14
2009,15,female,others,monthly,low,yes,no,good,low,suburban,difficult,moderate,yes,8,242.06,98,22.73,26342,1
2005,26,nonbinary,hallucinogens,weekly,low,yes,no,good,middle,suburban,moderate,moderate,yes,6,409.9,82,3.75,38157,14
2018,23,female,prescription,monthly,medium,yes,yes,poor,middle,suburban,easy,high,no,8,207.22,13,14.71,3327,11
2001,16,nonbinary,marijuana,monthly,high,yes,no,good,middle,rural,moderate,low,yes,1,260.7,23,10.61,41772,7
2016,17,female,cocaine,rarely,medium,yes,no,poor,middle,urban,easy,high,no,8,331.24,83,9.76,41545,16
2006,15,male,prescription,daily,high,no,yes,excellent,high,urban,easy,moderate,yes,4,219.98,75,38.92,1197,11
2017,20,male,marijuana,monthly,high,no,yes,poor,high,rural,difficult,low,no,1,426.45,1,15.72,24509,18
2017,22,nonbinary,hallucinogens,rarely,medium,yes,yes,good,high,urban,easy,high,no,8,314.35,88,35.68,35698,9
2021,19,female,alcohol,daily,medium,yes,no,poor,high,urban,easy,high,yes,4,182.32,54,25.25,45542,8
2003,18,nonbinary,hallucinogens,rarely,high,no,yes,poor,low,urban,difficult,moderate,yes,6,371.33,48,31.79,16087,4
2013,25,nonbinary,prescription,daily,low,no,no,excellent,middle,suburban,difficult,moderate,yes,8,287.44,89,20.11,23671,5
2011,20,male,alcohol,rarely,medium,no,yes,good,low,urban,difficult,low,no,4,290.51,85,23.08,26184,19
2019,20,male,marijuana,monthly,high,yes,yes,average,middle,rural,easy,moderate,no,3,266.49,15,19.7,28848,1
2017,19,male,marijuana,weekly,high,no,no,good,high,urban,difficult,moderate,yes,9,273.66,65,7.81,43107,12
2018,20,female,alcohol,rarely,medium,yes,no,average,low,suburban,easy,low,no,4,394.41,76,28.9,24987,11
2011,20,nonbinary,cocaine,daily,medium,no,yes,average,middle,urban,difficult,low,no,9,96.34,71,11.23,45357,4
2013,22,female,cocaine,weekly,high,no,yes,excellent,low,urban,easy,low,no,2,200.46,15,0.97,16708,11
2019,19,nonbinary,prescription,rarely,high,no,no,average,middle,rural,moderate,low,no,2,83.98,21,25.82,27370,5
2005,27,female,others,daily,medium,yes,no,average,low,suburban,easy,moderate,no,2,388.96,19,7.08,3811,5
2006,25,female,marijuana,weekly,low,yes,yes,poor,middle,urban,easy,moderate,yes,6,172.54,60,37.62,48011,15
2014,27,male,others,weekly,medium,no,no,good,high,suburban,moderate,low,no,3,453.84,48,38.16,7546,3
2017,23,male,prescription,weekly,medium,no,yes,excellent,low,suburban,moderate,moderate,no,9,286.96,89,36.59,35754,10
2016,23,nonbinary,cocaine,daily,high,yes,yes,good,low,urban,easy,high,no,4,410.34,33,14.81,31206,8
2011,16,female,alcohol,monthly,low,yes,yes,good,middle,urban,difficult,low,yes,1,490.52,49,0.62,42106,2
2004,21,nonbinary,cocaine,rarely,high,no,yes,excellent,low,urban,difficult,moderate,yes,4,427.9,96,37.13,12411,18
2016,15,nonbinary,hallucinogens,rarely,high,no,yes,average,middle,suburban,difficult,low,no,1,440.15,35,17.13,3911,7
2012,15,nonbinary,others,rarely,low,no,yes,average,high,urban,moderate,moderate,yes,5,233.59,44,38.67,2734,4
2021,19,female,marijuana,daily,low,no,no,average,middle,urban,difficult,moderate,yes,4,298.28,48,38.54,19227,3
2013,17,nonbinary,prescription,rarely,high,yes,no,poor,high,urban,difficult,moderate,no,8,164.25,11,34.12,9680,5
2011,19,female,cocaine,monthly,medium,no,yes,poor,low,suburban,easy,moderate,no,8,138.25,99,11.78,20360,1
2003,15,male,marijuana,monthly,medium,no,no,poor,middle,urban,difficult,low,no,7,277.48,72,15.4,19343,19
2021,18,female,others,rarely,medium,yes,no,poor,low,rural,difficult,moderate,no,3,317.77,78,34.05,6759,10
2018,21,male,marijuana,weekly,high,no,yes,average,middle,suburban,difficult,low,no,4,202.67,74,12.68,24078,3
2014,23,male,cocaine,weekly,low,no,yes,good,high,urban,easy,moderate,yes,1,306.25,66,19.59545718432511,36153,11
2023,26,male,cocaine,weekly,low,no,yes,poor,low,urban,easy,high,no,3,449.36,46,22.27,12111,5
2020,23,female,prescription,rarely,low,no,no,good,middle,suburban,moderate,moderate,no,4,300.52,9,37.45,38504,16
2020,20,male,others,monthly,low,no,yes,poor,high,suburban,easy,moderate,no,7,374.37,3,27.84,2802,5
2019,23,male,cocaine,monthly,medium,yes,no,poor,low,urban,moderate,high,no,6,412.39,85,22.8,9155,18
2018,21,female,alcohol,weekly,low,yes,yes,good,low,suburban,difficult,moderate,no,4,494.93,48,3.89,9120,1
2012,20,nonbinary,marijuana,weekly,medium,no,no,average,middle,urban,difficult,low,no,6,282.1589280469897,72,24.6,40384,14
2010,26,female,cocaine,weekly,medium,yes,yes,excellent,high,suburban,difficult,moderate,yes,3,413.08,48,39.6,48025,11
2003,18,nonbinary,others,rarely,low,no,no,poor,low,urban,easy,moderate,no,6,483.19,66,5.6,48254,11
2007,15,female,hallucinogens,weekly,high,yes,yes,average,low,rural,easy,high,yes,8,474.98,70,20.73,22918,18
2007,20,nonbinary,prescription,monthly,medium,yes,yes,poor,middle,suburban,moderate,moderate,yes,2,113.49,28,35.09,21445,12
2014,20,female,marijuana,weekly,high,no,yes,average,low,urban,difficult,moderate,no,5,232.88,93,19.59545718432511,31306,11
2005,20,male,cocaine,monthly,medium,no,yes,average,low,suburban,easy,moderate,no,1,195.8,26,27.88,17646,4
2015,26,female,others,rarely,high,no,no,excellent,low,rural,moderate,low,yes,1,89.12,25,28.1,47843,5
2018,24,nonbinary,hallucinogens,daily,medium,yes,yes,excellent,middle,rural,difficult,high,no,5,334.96,12,14.38,32065,3
2023,16,female,prescription,rarely,high,no,yes,good,high,suburban,difficult,moderate,no,3,381.16,5,11.74,26199,18
2016,25,nonbinary,hallucinogens,rarely,medium,yes,no,average,high,suburban,easy,high,yes,4,431.66,98,32.37,42976,11
2008,23,nonbinary,marijuana,daily,low,yes,yes,poor,high,rural,difficult,high,no,3,105.25,48,32.4,17371,11
2013,26,nonbinary,others,rarely,low,no,yes,excellent,middle,rural,difficult,high,no,1,444.4,37,34.68,12835,19
2004,22,female,others,rarely,medium,no,no,excellent,middle,rural,moderate,high,yes,1,339.32,79,36.53,24987,16
2021,17,female,others,monthly,low,yes,no,excellent,low,rural,easy,high,no,5,366.78,44,20.45,3049,11
2017,19,female,marijuana,daily,low,no,yes,poor,low,rural,moderate,low,no,4,459.78,15,20.06,32616,14
2011,16,nonbinary,prescription,daily,medium,no,no,good,low,suburban,easy,moderate,no,4,331.14,43,31.93,39191,11
2022,16,male,marijuana,monthly,medium,yes,yes,average,middle,suburban,easy,low,no,9,201.14,48,19.59545718432511,48357,13
2011,24,male,hallucinogens,weekly,medium,no,yes,good,high,urban,moderate,moderate,yes,5,421.3,87,28.08,21932,5
2020,20,male,others,rarely,high,yes,no,excellent,high,urban,difficult,moderate,no,8,213.38,70,31.83,30855,4
2019,25,nonbinary,hallucinogens,monthly,low,no,yes,good,middle,urban,moderate,low,yes,1,65.4,46,35.6,8158,10
2000,20,female,alcohol,rarely,medium,no,no,poor,middle,urban,easy,low,no,5,423.79,43,13.52,44016,3
2015,20,female,prescription,weekly,low,no,yes,average,low,urban,difficult,low,yes,3,205.34,21,15.02,8400,12
2011,16,nonbinary,hallucinogens,weekly,low,yes,yes,good,low,urban,easy,high,no,1,398.23,23,3.76,43642,10
2005,23,female,alcohol,daily,low,yes,yes,good,low,rural,easy,low,yes,4,213.24,80,23.13,16151,11
2021,17,female,others,weekly,high,yes,no,average,high,rural,easy,low,no,5,437.48,47,1.44,2154,11
2009,20,female,hallucinogens,daily,high,no,yes,good,high,urban,easy,moderate,no,7,148.78,15,18.62,5499,5
2011,24,male,marijuana,daily,high,no,yes,excellent,high,urban,easy,moderate,yes,1,488.55,25,21.71,7295,17
2018,25,female,cocaine,rarely,medium,no,yes,excellent,middle,rural,moderate,low,yes,3,400.89,36,11.46,13183,9
2010,24,nonbinary,marijuana,rarely,high,no,no,poor,low,suburban,easy,low,yes,2,101.41,75,23.63,30299,4
2001,23,female,alcohol,daily,high,yes,yes,poor,low,urban,easy,low,yes,9,304.6,51,1.22,13874,9
2011,15,female,hallucinogens,monthly,low,no,no,excellent,high,rural,easy,moderate,yes,6,493.42,15,19.59545718432511,33711,11
2007,25,nonbinary,alcohol,daily,medium,yes,no,poor,low,suburban,easy,moderate,no,3,261.98,68,32.9,6539,1
2004,26,nonbinary,others,rarely,medium,yes,yes,average,middle,urban,difficult,high,yes,8,131.95,21,14.41,43405,12
2022,27,male,prescription,monthly,high,yes,no,excellent,middle,urban,easy,high,yes,8,268.15,13,5.08,49354,7
2020,24,female,hallucinogens,monthly,high,yes,no,poor,high,urban,difficult,moderate,no,2,280.61,86,20.89,3557,1
2022,20,nonbinary,hallucinogens,monthly,high,yes,yes,average,low,urban,difficult,low,no,6,383.76,19,30.8,39360,19
2021,21,male,marijuana,monthly,high,no,no,average,middle,rural,difficult,moderate,no,7,364.48,34,8.63,17482,11
2011,24,male,others,monthly,low,no,yes,poor,middle,urban,moderate,low,yes,2,231.15,48,24.92,3200,4
2022,20,nonbinary,cocaine,rarely,high,no,no,excellent,low,urban,difficult,high,no,2,148.11,68,3.41,47940,8
2004,27,male,marijuana,rarely,high,yes,no,poor,high,rural,difficult,low,no,1,340.27,52,2.07,3961,16
2022,20,female,marijuana,daily,high,no,yes,average,high,rural,difficult,low,yes,8,239.77,27,21.25,47975,8
2011,23,male,hallucinogens,daily,medium,no,no,average,middle,rural,moderate,moderate,no,1,109.52,29,21.63,22357,10
2003,15,male,alcohol,weekly,medium,no,no,poor,low,urban,difficult,high,no,9,455.26,28,25.5,12969,14
2019,22,male,marijuana,weekly,high,yes,yes,excellent,middle,suburban,difficult,low,no,6,361.05,35,29.04,24987,5
2016,20,female,others,monthly,high,yes,no,good,high,rural,easy,moderate,no,7,357.43,8,39.03,47760,2
2006,26,female,hallucinogens,rarely,low,yes,yes,average,high,rural,moderate,high,yes,7,282.1589280469897,16,19.59545718432511,29643,16
2023,20,nonbinary,alcohol,rarely,high,no,yes,average,low,suburban,moderate,low,yes,3,288.35,36,12.92,25736,4
2020,27,nonbinary,hallucinogens,weekly,medium,yes,yes,good,middle,suburban,moderate,low,no,2,416.77,30,31.81,39467,11
2003,17,nonbinary,hallucinogens,daily,high,no,yes,good,high,urban,easy,moderate,yes,9,274.14,18,10.83,24328,17
2011,23,nonbinary,marijuana,rarely,low,no,no,poor,middle,urban,easy,high,no,8,80.23,2,17.56,26876,13
2001,17,nonbinary,cocaine,daily,high,no,yes,excellent,low,urban,moderate,moderate,no,7,232.36,49,3.14,22295,10
2013,20,female,cocaine,monthly,medium,yes,yes,poor,middle,urban,difficult,low,no,9,273.86,77,1.01,4987,8
2023,20,male,marijuana,daily,low,no,no,average,high,urban,moderate,low,no,4,282.1589280469897,4,38.51,23399,1
2011,21,nonbinary,alcohol,daily,medium,yes,no,excellent,middle,urban,easy,moderate,yes,4,97.96,90,33.44,47214,11
2011,25,female,marijuana,daily,high,yes,yes,good,high,rural,moderate,low,no,1,113.01,48,27.84,34986,2
2013,24,female,cocaine,monthly,high,yes,no,excellent,low,urban,difficult,moderate,yes,8,168.66,94,16.36,21880,2
2007,21,female,others,monthly,low,yes,no,good,high,urban,moderate,moderate,no,4,169.92,75,6.93,5735,11
2004,18,nonbinary,hallucinogens,weekly,high,no,no,average,high,suburban,difficult,moderate,yes,7,379.48,7,6.26,45064,7
2020,22,male,prescription,weekly,low,yes,yes,poor,low,urban,easy,moderate,yes,2,162.83,95,10.01,5555,7
2001,16,female,others,rarely,high,no,no,poor,high,suburban,difficult,low,yes,2,282.1589280469897,74,21.97,42914,10
2011,18,female,prescription,weekly,high,yes,yes,poor,high,rural,moderate,high,no,7,272.42,39,28.58,41818,8
2023,17,female,prescription,monthly,high,yes,yes,excellent,high,urban,difficult,moderate,no,6,307.98,13,26.41,46525,4
2011,27,male,alcohol,rarely,high,yes,yes,good,low,rural,easy,moderate,yes,3,427.15,48,11.2,20830,13
2021,20,nonbinary,others,rarely,high,yes,yes,excellent,middle,suburban,easy,moderate,no,9,231.97,71,19.59545718432511,18429,2
2014,20,male,hallucinogens,monthly,high,no,yes,good,middle,rural,difficult,low,no,6,396.91,63,29.52,7893,4
2007,20,male,cocaine,weekly,high,yes,no,poor,high,urban,difficult,high,no,6,239.92,56,22.17,15373,4
2009,27,nonbinary,others,rarely,low,no,yes,average,high,rural,difficult,moderate,no,1,209.24,42,24.47,48333,18
2004,23,male,cocaine,daily,medium,yes,yes,good,low,rural,easy,moderate,yes,4,481.38,61,16.78,4436,13
2018,15,nonbinary,hallucinogens,rarely,low,no,no,average,low,suburban,moderate,low,yes,6,132.97,42,9.91,9754,3
2019,25,nonbinary,hallucinogens,rarely,high,no,yes,average,high,rural,easy,high,yes,6,90.65,56,14.24,11677,12
2011,17,female,marijuana,monthly,high,yes,yes,excellent,middle,urban,difficult,high,no,5,396.94,36,30.31,6895,9
2018,19,male,others,weekly,high,no,yes,excellent,low,rural,easy,low,yes,1,282.1589280469897,84,0.58,20738,17
2011,18,male,others,rarely,high,yes,no,excellent,low,urban,moderate,moderate,yes,8,426.69,68,4.64,31746,7
2019,20,female,others,daily,medium,no,yes,excellent,low,rural,moderate,moderate,no,5,246.74,7,1.84,49404,7
2019,17,female,marijuana,monthly,medium,yes,yes,poor,high,rural,difficult,low,yes,5,461.98,54,1.63,33352,6
2021,22,male,hallucinogens,weekly,high,yes,yes,poor,middle,urban,moderate,moderate,no,7,374.69,1,34.22,40790,7
2010,15,female,hallucinogens,rarely,high,no,yes,good,low,urban,easy,moderate,no,4,324.68,44,28.15,42919,13
2001,21,female,others,monthly,medium,yes,yes,good,middle,urban,easy,low,no,6,477.19,45,18.97,6600,18
2022,19,nonbinary,prescription,weekly,high,no,yes,average,low,rural,easy,moderate,yes,4,228.49,47,3.91,30124,11
2000,27,nonbinary,others,daily,low,no,yes,good,middle,urban,easy,low,yes,3,479.34,48,19.66,28643,11
2008,24,male,others,rarely,high,yes,yes,excellent,low,rural,moderate,moderate,no,7,110.75,22,18.94,41764,11
2006,24,male,cocaine,weekly,low,yes,no,excellent,middle,urban,difficult,high,no,8,267.69,21,6.93,10007,11
2016,24,female,marijuana,monthly,low,no,no,excellent,low,urban,difficult,moderate,no,4,171.46,86,17.35,46714,16
2010,27,female,cocaine,daily,medium,no,yes,average,low,rural,easy,moderate,no,2,292.93,92,15.94,38410,11
2005,20,female,alcohol,weekly,high,yes,no,poor,middle,suburban,easy,low,no,3,122.91,9,24.63,45080,14
2015,24,female,others,daily,high,yes,yes,excellent,middle,urban,difficult,moderate,yes,4,428.69,26,25.4,41447,1
2009,20,nonbinary,marijuana,rarely,low,no,yes,excellent,middle,rural,easy,high,yes,8,430.88,9,19.59545718432511,24987,13
2012,19,female,marijuana,monthly,medium,yes,yes,average,low,urban,easy,moderate,yes,4,479.86,15,14.98,19589,7
2011,18,female,marijuana,weekly,medium,no,yes,poor,middle,urban,difficult,low,yes,4,119.6,10,25.03,44484,7
2008,15,male,marijuana,weekly,low,no,no,excellent,middle,urban,difficult,high,yes,5,282.1589280469897,48,20.13,18453,18
2022,23,nonbinary,cocaine,weekly,low,yes,no,poor,middle,rural,easy,low,yes,5,282.1589280469897,42,34.26,37212,6
2017,20,nonbinary,marijuana,rarely,low,yes,yes,good,low,suburban,easy,moderate,yes,7,282.1589280469897,72,26.35,44525,18
2014,20,male,cocaine,weekly,high,no,yes,poor,high,suburban,moderate,high,no,9,282.1589280469897,24,19.59545718432511,48202,5
2022,22,male,cocaine,monthly,low,no,yes,average,high,rural,difficult,moderate,yes,5,235.76,80,2.82,33635,5
2006,18,female,prescription,daily,high,yes,no,poor,middle,urban,difficult,low,no,1,367.22,49,25.7,24987,2
2004,20,male,hallucinogens,rarely,high,no,yes,good,high,rural,easy,low,no,1,319.23,26,1.06,19711,6
2005,27,male,marijuana,weekly,high,yes,no,poor,low,urban,moderate,high,no,2,256.86,91,23.43,4420,18
2018,18,female,cocaine,monthly,medium,yes,yes,average,low,suburban,easy,moderate,no,6,84.17,37,37.61,32216,7
2020,23,nonbinary,cocaine,weekly,high,no,yes,excellent,low,urban,difficult,moderate,no,9,84.99,68,23.02,1301,9
2011,16,female,prescription,monthly,high,yes,yes,poor,low,urban,moderate,moderate,no,8,51.05,50,15.53,46236,19
2015,19,female,marijuana,daily,high,no,no,poor,high,rural,difficult,moderate,no,5,485.46,24,25.73,1699,14
2011,26,nonbinary,marijuana,weekly,high,yes,yes,good,low,urban,moderate,high,yes,1,52.36,19,18.33,1190,14
2012,25,nonbinary,hallucinogens,daily,low,yes,no,poor,high,suburban,moderate,moderate,no,7,96.39,60,19.59545718432511,11492,11
2011,22,female,cocaine,weekly,high,no,no,good,middle,suburban,difficult,low,no,5,191.57,39,37.66,36743,19
2022,20,nonbinary,cocaine,rarely,low,no,no,poor,middle,urban,easy,moderate,no,6,413.34,74,15.44,7102,6
2009,26,nonbinary,others,weekly,low,yes,no,good,middle,urban,moderate,high,no,7,482.94,89,38.45,20778,3
2006,18,nonbinary,alcohol,daily,medium,yes,yes,average,low,urban,moderate,high,no,3,405.51,18,36.21,27641,5
2000,27,male,marijuana,daily,medium,no,yes,poor,low,urban,difficult,moderate,yes,3,360.75,19,7.83,35584,11
2006,19,nonbinary,others,weekly,high,yes,no,good,high,rural,difficult,high,yes,5,284.59,36,2.77,24987,4
2010,15,female,cocaine,monthly,high,yes,yes,poor,low,urban,easy,low,no,4,89.02,74,4.03,24093,11
2011,25,male,cocaine,weekly,low,no,no,average,high,urban,difficult,low,yes,9,481.18,97,0.73,1569,3
2001,25,nonbinary,prescription,daily,low,yes,no,poor,low,urban,easy,low,yes,5,391.28,55,3.78,39210,1
2023,16,male,others,weekly,low,no,no,poor,high,rural,easy,high,no,1,337.53,69,27.32,35663,9
2005,17,female,prescription,monthly,high,no,no,good,middle,urban,moderate,high,yes,4,391.57,47,2.85,37631,4
2012,16,nonbinary,marijuana,weekly,high,no,yes,average,low,urban,moderate,moderate,no,5,375.85,49,12.76,46681,9
2001,24,female,marijuana,daily,high,no,yes,good,high,rural,difficult,moderate,no,5,336.75,99,33.8,8455,11
2023,26,male,marijuana,weekly,high,yes,no,good,high,rural,difficult,high,no,7,491.26,98,0.93,5014,5
2010,22,female,alcohol,daily,medium,no,no,excellent,low,rural,moderate,high,yes,4,456.51,33,32.58,12093,12
2011,18,male,hallucinogens,monthly,low,yes,yes,poor,high,rural,difficult,low,yes,1,341.0,21,11.27,19070,14
2000,17,male,marijuana,daily,high,no,no,average,low,suburban,difficult,high,no,5,361.93,81,4.73,36777,3
2001,20,female,prescription,daily,low,yes,yes,poor,middle,suburban,difficult,low,no,7,73.22,22,19.59545718432511,17538,12
2021,16,female,hallucinogens,rarely,medium,no,no,excellent,low,rural,difficult,moderate,no,4,282.1589280469897,48,25.16,11729,19
2003,17,female,hallucinogens,rarely,medium,no,yes,poor,middle,urban,easy,low,yes,5,69.87,37,35.1,35177,14
2011,26,female,hallucinogens,weekly,high,no,yes,poor,middle,rural,difficult,moderate,no,4,314.72,15,29.4,46017,7
2019,16,female,marijuana,rarely,medium,no,yes,good,low,urban,difficult,moderate,yes,2,499.71,35,32.14,1784,4
2018,24,male,cocaine,rarely,high,yes,no,poor,middle,urban,easy,low,no,4,300.11,92,11.28,28751,14
2014,26,male,hallucinogens,rarely,high,no,yes,poor,middle,rural,moderate,high,no,3,262.94,71,7.1,41864,3
2001,17,nonbinary,marijuana,rarely,low,no,no,poor,middle,suburban,easy,moderate,no,1,190.78,32,30.02,41328,11
2009,22,nonbinary,alcohol,rarely,high,yes,no,poor,middle,rural,moderate,moderate,yes,8,104.24,11,32.27,24987,12
2006,22,male,cocaine,monthly,medium,yes,yes,poor,middle,suburban,difficult,high,no,5,282.1589280469897,10,19.59545718432511,41111,1
2013,19,male,marijuana,rarely,low,yes,yes,excellent,high,suburban,easy,high,yes,4,136.67,73,16.5,40974,18
2012,24,male,marijuana,weekly,high,no,yes,good,middle,suburban,easy,high,no,8,101.88,78,14.88,24987,18
2011,16,male,hallucinogens,monthly,high,no,no,average,high,urban,difficult,low,yes,7,239.79,77,31.06,20190,3
2011,27,male,cocaine,monthly,high,yes,no,average,high,rural,easy,low,no,2,407.9,57,13.63,39754,3
2016,17,female,marijuana,daily,high,no,yes,poor,middle,urban,difficult,moderate,yes,1,385.28,25,37.23,24987,10
2014,18,female,prescription,rarely,low,yes,yes,poor,middle,rural,easy,high,no,4,74.7,2,34.34,24987,4
2011,16,nonbinary,hallucinogens,monthly,low,yes,yes,poor,low,urban,difficult,high,yes,8,254.81,64,17.16,24987,19
2023,25,female,cocaine,daily,high,no,yes,excellent,middle,rural,difficult,high,yes,2,285.1,35,30.03,24987,10
2021,24,nonbinary,alcohol,monthly,high,no,no,excellent,high,rural,difficult,moderate,no,3,340.05,7,30.18,23009,9
2011,21,female,hallucinogens,daily,high,no,no,good,low,rural,easy,moderate,no,1,342.58,85,19.59545718432511,25376,7
2009,20,female,alcohol,rarely,low,no,no,poor,high,urban,difficult,moderate,no,1,282.1589280469897,18,36.1,46091,5
2011,15,male,marijuana,weekly,medium,no,yes,good,low,suburban,easy,low,no,3,302.3,67,20.21,5780,5
2001,26,female,alcohol,monthly,high,no,yes,good,low,urban,difficult,moderate,no,5,266.48,48,33.06,3368,7
2011,26,nonbinary,alcohol,monthly,high,no,yes,excellent,high,urban,difficult,moderate,no,3,448.25,48,12.8,13039,14
2013,20,nonbinary,cocaine,rarely,high,yes,no,average,low,rural,difficult,low,no,1,288.62,48,35.82,7655,13
2021,17,female,cocaine,weekly,medium,yes,no,excellent,low,rural,moderate,high,yes,1,248.46,75,15.57,41941,10
2020,19,female,others,weekly,medium,yes,yes,average,middle,rural,moderate,high,yes,8,232.02,24,0.43,5495,11
2010,20,female,hallucinogens,monthly,high,no,yes,excellent,middle,rural,difficult,low,yes,2,307.59,60,36.22,11893,12
2019,18,nonbinary,cocaine,monthly,medium,yes,yes,average,high,urban,difficult,moderate,yes,3,411.79,46,3.65,26547,7
2002,15,female,others,rarely,low,no,yes,poor,middle,rural,easy,moderate,no,2,282.1589280469897,19,12.77,23386,11
2017,19,male,marijuana,monthly,high,no,yes,average,middle,rural,easy,low,no,3,347.74,48,38.0,14403,11
2014,19,female,marijuana,daily,medium,no,yes,average,low,suburban,moderate,moderate,yes,7,382.04,90,38.02,33097,11
2023,27,female,marijuana,rarely,low,yes,no,excellent,low,suburban,moderate,high,yes,1,284.08,42,22.94,14121,7
2012,16,nonbinary,cocaine,monthly,high,yes,yes,average,high,suburban,difficult,high,yes,8,242.07,32,25.27,11966,10
2002,21,male,prescription,daily,high,no,yes,poor,low,rural,moderate,high,yes,2,282.1589280469897,39,17.94,34621,11
2018,26,male,others,weekly,medium,no,yes,average,low,urban,difficult,high,no,3,237.88,48,11.73,29312,11
2013,16,nonbinary,marijuana,monthly,high,no,no,excellent,middle,rural,moderate,moderate,yes,4,257.87,97,13.15,23677,3
2004,17,nonbinary,marijuana,monthly,medium,yes,yes,poor,high,rural,moderate,high,yes,7,495.65,36,26.9,32289,15
2007,20,female,cocaine,rarely,medium,no,no,good,middle,rural,easy,moderate,no,4,50.11,3,30.09,32024,3
2019,27,nonbinary,marijuana,daily,low,no,no,poor,low,suburban,moderate,low,no,5,133.46,73,31.66,43675,4
2019,17,male,prescription,monthly,high,no,yes,average,low,suburban,moderate,low,no,2,222.78,8,31.58,5777,4
2010,20,female,prescription,monthly,high,yes,yes,average,low,urban,moderate,moderate,no,8,469.67,97,3.65,30749,7
2015,16,female,marijuana,rarely,medium,yes,yes,good,middle,rural,difficult,moderate,yes,4,81.51,70,19.78,16338,9
2002,15,nonbinary,others,weekly,low,yes,no,excellent,low,rural,difficult,low,yes,9,54.27,48,2.3,3491,16
2023,21,female,cocaine,rarely,medium,no,no,poor,low,suburban,easy,low,yes,5,73.71,68,21.98,28236,8
2023,16,nonbinary,cocaine,monthly,low,no,yes,excellent,high,urban,easy,moderate,no,9,89.84,13,17.66,49096,11
2005,24,male,hallucinogens,monthly,high,no,no,poor,middle,suburban,difficult,moderate,yes,4,66.92,49,35.51,15599,13
2011,17,nonbinary,marijuana,rarely,low,no,yes,average,middle,urban,difficult,low,no,5,265.9,60,14.04,20508,11
2015,19,male,cocaine,weekly,low,yes,yes,excellent,high,suburban,difficult,moderate,yes,9,311.34,2,4.68,4051,8
2011,27,female,marijuana,monthly,medium,yes,no,poor,low,urban,moderate,high,no,8,172.26,60,5.72,49747,10
2023,16,male,prescription,daily,high,no,no,good,low,rural,moderate,moderate,no,3,229.23,5,19.59545718432511,22606,11
2011,20,nonbinary,marijuana,weekly,high,no,no,good,low,urban,difficult,low,yes,1,91.26,44,24.73,22699,13
2022,19,female,alcohol,monthly,medium,no,yes,good,low,suburban,difficult,moderate,no,3,201.37,27,4.04,1876,4
2023,19,female,alcohol,weekly,high,yes,no,poor,high,urban,moderate,moderate,yes,4,285.13,32,3.36,24987,13
2006,20,female,others,rarely,high,yes,yes,good,high,urban,easy,low,no,2,379.52,21,28.04,5142,3
2008,26,male,cocaine,weekly,high,no,yes,excellent,low,rural,easy,high,yes,1,51.51,8,2.91,16202,11
2009,20,female,marijuana,weekly,low,yes,no,excellent,middle,urban,easy,high,no,7,260.29,72,32.87,40734,18
2012,21,female,marijuana,weekly,high,yes,no,poor,middle,rural,difficult,high,yes,8,183.65,50,28.25,8079,7
2020,16,male,marijuana,rarely,high,no,yes,poor,low,rural,moderate,low,yes,7,282.1589280469897,67,3.25,8987,14
2010,25,female,cocaine,daily,high,yes,yes,average,high,suburban,easy,low,yes,5,372.0,44,3.39,40567,14
2012,25,female,hallucinogens,weekly,low,no,no,average,middle,suburban,difficult,low,yes,1,315.1,58,39.47,29940,8
2019,23,nonbinary,marijuana,rarely,high,yes,no,excellent,low,urban,moderate,high,no,7,174.77,3,14.97,38233,8
2001,22,nonbinary,hallucinogens,daily,low,yes,no,average,middle,suburban,easy,high,no,7,459.65,86,14.83,18019,9
2016,27,female,alcohol,monthly,low,yes,yes,average,middle,rural,easy,moderate,no,9,70.3,70,32.51,47185,19
2002,20,nonbinary,others,weekly,medium,no,no,good,low,suburban,difficult,low,no,3,99.26,2,37.89,24987,11
2013,20,nonbinary,cocaine,monthly,high,yes,yes,poor,low,suburban,easy,low,yes,9,226.23,87,39.44,27258,2
2017,22,female,hallucinogens,monthly,medium,yes,no,poor,low,suburban,easy,high,yes,1,106.0,44,30.14,24987,19
2023,18,female,prescription,weekly,high,yes,no,average,low,urban,moderate,high,yes,1,480.39,2,15.05,9311,10
2012,19,female,cocaine,daily,high,yes,yes,poor,low,suburban,difficult,low,yes,4,409.1,81,19.59545718432511,18214,5
2004,25,male,others,weekly,medium,no,no,excellent,low,rural,easy,high,no,9,166.54,35,31.09,15098,1
2011,20,nonbinary,cocaine,monthly,low,no,no,average,low,suburban,easy,moderate,no,6,314.85,48,22.34,29251,6
2005,21,female,cocaine,weekly,high,no,yes,good,high,urban,difficult,moderate,no,3,492.05,48,16.97,38945,11
2001,22,female,marijuana,daily,low,yes,yes,average,low,urban,moderate,high,yes,1,447.89,30,36.25,48030,1
2021,22,female,others,daily,high,no,yes,average,high,urban,easy,high,yes,4,320.36,8,4.45,26945,16
2016,21,male,alcohol,daily,low,no,yes,excellent,low,rural,difficult,moderate,yes,9,456.68,22,19.71,26316,10
2011,25,nonbinary,others,weekly,low,no,no,average,high,urban,difficult,low,no,3,495.13,44,0.45,33217,11
2021,20,male,marijuana,rarely,medium,no,yes,excellent,middle,suburban,difficult,high,yes,9,384.51,58,18.75,9308,18
2007,25,female,prescription,weekly,high,no,no,good,low,urban,easy,moderate,no,7,79.24,36,2.25,6949,6
2000,16,female,marijuana,monthly,high,no,yes,poor,high,rural,difficult,moderate,yes,4,230.71,69,4.75,2150,19
2011,20,nonbinary,others,weekly,high,yes,yes,good,low,rural,moderate,low,yes,4,427.02,77,4.7,24944,5
2019,24,nonbinary,cocaine,daily,high,yes,yes,excellent,middle,rural,easy,moderate,no,5,153.76,93,25.97,35699,11
2020,20,nonbinary,others,daily,high,no,yes,good,middle,suburban,easy,moderate,yes,5,423.79,31,29.84,10204,16
2015,23,male,cocaine,rarely,low,no,yes,poor,low,rural,easy,high,yes,3,104.15,47,23.33,2081,11
2011,15,female,others,daily,medium,no,yes,excellent,middle,urban,difficult,moderate,yes,9,71.13,55,38.49,30305,17
2003,21,female,marijuana,monthly,high,yes,no,poor,high,suburban,difficult,high,no,4,282.1589280469897,80,14.99,17896,16
2002,20,female,marijuana,daily,medium,yes,no,average,low,rural,difficult,high,no,5,66.53,62,11.43,47175,6
2012,24,female,cocaine,rarely,medium,no,no,excellent,middle,suburban,easy,moderate,yes,4,480.77,30,34.74,8805,16
2008,17,nonbinary,others,weekly,high,no,yes,excellent,middle,suburban,easy,moderate,no,5,421.79,48,8.94,6237,19
2021,27,female,cocaine,weekly,low,no,no,average,high,suburban,easy,moderate,no,7,410.35,16,38.53,21056,8
2023,21,male,marijuana,monthly,high,yes,no,average,low,urban,easy,high,no,9,333.4,12,0.49,46543,16
2009,25,nonbinary,hallucinogens,weekly,low,yes,yes,excellent,middle,suburban,moderate,low,yes,7,147.35,17,38.8,46952,19
2011,26,nonbinary,prescription,weekly,high,yes,no,excellent,high,rural,easy,low,yes,5,283.22,16,19.59545718432511,4343,7
2016,15,female,hallucinogens,daily,medium,no,yes,average,middle,urban,difficult,high,yes,7,318.77,12,35.65,24987,16
2011,26,nonbinary,marijuana,daily,low,yes,no,good,low,urban,moderate,low,no,5,286.26,8,21.11,30375,6
2011,21,male,marijuana,weekly,low,yes,yes,good,middle,suburban,difficult,moderate,no,3,167.11,84,39.72,10662,11
2020,16,nonbinary,marijuana,monthly,high,no,no,average,low,urban,easy,high,yes,7,281.86,48,2.95,17964,12
2023,20,nonbinary,prescription,monthly,medium,no,no,excellent,low,urban,moderate,low,yes,2,271.03,16,22.15,48893,18
2019,20,male,marijuana,monthly,high,no,yes,average,middle,rural,moderate,moderate,yes,9,498.35,30,38.77,9130,18
2014,27,female,hallucinogens,weekly,high,no,yes,excellent,low,suburban,easy,low,no,1,453.85,23,20.92,20531,16
2006,15,nonbinary,hallucinogens,monthly,high,no,no,poor,middle,urban,moderate,moderate,yes,6,282.1589280469897,92,25.18,2679,12
2014,24,nonbinary,hallucinogens,weekly,medium,no,no,good,low,suburban,easy,low,no,7,330.32,5,27.83,4506,15
2016,25,female,hallucinogens,monthly,medium,yes,no,excellent,middle,rural,moderate,moderate,no,8,282.1589280469897,84,18.18,14284,7
2002,18,male,alcohol,rarely,medium,no,no,poor,middle,urban,easy,moderate,yes,9,65.69,65,25.1,8253,18
2018,25,nonbinary,others,weekly,high,no,yes,good,high,rural,difficult,moderate,yes,2,452.71,30,23.37,20128,17
2012,15,female,alcohol,rarely,low,yes,no,excellent,low,urban,easy,high,yes,2,437.06,21,36.05,28932,11
2005,20,female,cocaine,daily,high,yes,yes,excellent,middle,urban,easy,low,no,5,255.84,48,1.82,10435,13
2009,17,nonbinary,alcohol,rarely,medium,no,no,excellent,high,rural,easy,high,no,5,226.03,70,11.24,45078,18
2022,20,male,cocaine,daily,high,no,yes,good,low,suburban,moderate,high,no,6,172.83,22,38.02,14296,14
2011,27,nonbinary,marijuana,weekly,low,no,yes,excellent,high,urban,difficult,high,yes,4,264.5,82,19.59545718432511,31445,17
2002,19,male,cocaine,rarely,low,no,no,good,middle,suburban,difficult,high,yes,8,69.97,72,18.23,14245,1
2010,20,nonbinary,marijuana,rarely,low,no,no,average,middle,urban,moderate,low,no,1,433.49,32,24.81,30124,16
2018,19,female,alcohol,rarely,medium,no,no,poor,high,urban,moderate,high,yes,6,282.1589280469897,33,11.1,30899,17
2012,18,male,others,weekly,low,yes,no,good,high,suburban,moderate,low,no,4,198.07,16,7.52,44919,5
2014,18,male,cocaine,weekly,low,yes,no,poor,low,suburban,easy,high,no,1,469.22,76,18.55,24987,18
2011,21,male,others,daily,low,yes,yes,good,low,urban,easy,moderate,yes,7,380.85,38,14.13,36247,11
2001,23,male,marijuana,daily,high,no,yes,average,low,urban,moderate,high,yes,9,176.63,98,19.59545718432511,30222,11
2007,16,nonbinary,marijuana,weekly,low,yes,yes,poor,low,suburban,difficult,moderate,no,4,163.69,14,3.11,27211,7
2011,20,female,cocaine,weekly,high,yes,yes,poor,high,rural,easy,moderate,yes,4,52.29,36,38.98,38220,6
2006,24,female,marijuana,weekly,low,no,yes,good,low,rural,moderate,moderate,yes,6,363.07,48,39.45,27646,2
2012,20,nonbinary,cocaine,daily,high,no,yes,poor,low,suburban,difficult,moderate,yes,3,71.95,23,27.93,39649,9
2013,18,female,alcohol,rarely,medium,yes,yes,good,high,urban,difficult,high,no,6,282.1589280469897,66,21.44,24049,11
2019,18,male,cocaine,rarely,high,no,yes,poor,middle,urban,easy,low,yes,7,482.95,85,12.38,15069,18
2015,15,nonbinary,prescription,monthly,high,no,no,average,high,urban,easy,moderate,no,3,282.1589280469897,2,32.55,33580,13
2005,25,nonbinary,hallucinogens,monthly,medium,yes,yes,good,high,rural,easy,low,yes,7,452.52,91,27.39,32843,1
2002,24,male,marijuana,daily,high,no,no,average,middle,suburban,easy,moderate,yes,3,496.16,73,6.5,3849,11
2020,20,female,alcohol,weekly,high,no,yes,excellent,middle,urban,difficult,moderate,no,2,77.68,65,36.44,41158,17
2019,20,female,marijuana,daily,low,no,no,poor,high,suburban,moderate,low,yes,4,447.31,75,32.9,24289,6
2023,15,male,alcohol,daily,high,yes,no,good,middle,rural,difficult,moderate,no,8,282.24,67,19.59545718432511,45690,7
2023,27,nonbinary,marijuana,rarely,low,yes,no,good,high,urban,moderate,high,no,9,457.93,52,29.03,36257,11
2010,15,nonbinary,cocaine,weekly,low,no,yes,excellent,low,urban,moderate,moderate,no,7,307.09,62,24.54,10823,2
2021,22,male,prescription,weekly,low,yes,no,poor,low,rural,easy,moderate,no,1,347.95,23,19.59545718432511,24987,7
2011,20,female,prescription,weekly,high,yes,no,good,middle,suburban,easy,high,no,3,294.7,26,37.31,10540,14
2016,18,female,others,rarely,low,no,no,excellent,low,suburban,easy,high,yes,9,439.02,68,34.64,17364,4
2016,18,male,prescription,daily,high,no,no,average,middle,urban,moderate,moderate,no,1,380.26,82,1.81,5611,2
2001,15,female,cocaine,weekly,medium,no,yes,average,middle,suburban,difficult,moderate,no,9,284.57,55,1.05,28663,18
2012,20,female,others,daily,low,no,yes,excellent,low,suburban,difficult,high,yes,8,440.67,6,15.06,39646,11
2003,26,male,prescription,monthly,medium,no,yes,poor,low,rural,difficult,high,yes,4,282.1589280469897,35,32.42,31977,11
2020,27,nonbinary,alcohol,rarely,high,no,no,average,middle,suburban,moderate,moderate,no,6,120.8,22,39.49,30168,7
2008,24,female,marijuana,daily,low,no,no,average,low,suburban,easy,high,no,5,282.1589280469897,43,6.02,26471,1
2010,21,male,others,monthly,high,no,yes,poor,low,urban,easy,moderate,yes,6,200.3,15,23.77,23687,2
2021,22,female,prescription,monthly,low,yes,no,excellent,high,suburban,easy,high,no,5,157.41,86,15.24,1851,13
2004,20,male,alcohol,weekly,low,no,no,excellent,low,urban,moderate,moderate,yes,6,468.54,60,38.8,19071,13
2021,20,male,hallucinogens,daily,high,yes,no,average,high,rural,difficult,high,yes,5,97.63,12,33.68,7833,10
2017,17,female,others,rarely,medium,yes,no,excellent,high,urban,difficult,moderate,yes,5,364.55,49,33.53,12938,15
2015,19,nonbinary,others,rarely,medium,yes,no,poor,middle,urban,moderate,moderate,no,4,135.15,42,18.75,36195,3
2011,27,female,hallucinogens,monthly,high,no,yes,excellent,low,suburban,difficult,moderate,no,3,446.74,38,16.59,27144,19
2008,23,nonbinary,marijuana,weekly,high,yes,no,average,middle,suburban,difficult,high,yes,3,482.59,82,10.94,5000,4
2010,26,male,others,weekly,high,no,yes,poor,high,rural,difficult,moderate,yes,4,259.46,45,2.26,6052,11
2008,26,male,alcohol,monthly,medium,yes,yes,poor,low,suburban,moderate,moderate,yes,9,445.58,35,34.59,36506,11
2023,21,female,prescription,rarely,medium,yes,yes,good,low,rural,easy,low,yes,2,52.32,30,32.52,29074,17
2019,17,nonbinary,alcohol,rarely,medium,no,yes,good,middle,suburban,easy,low,no,9,418.98,88,39.99,39155,6
2013,20,nonbinary,hallucinogens,monthly,medium,yes,no,good,middle,urban,easy,low,yes,1,152.88,30,39.87,41770,9
2004,19,male,others,weekly,medium,yes,yes,poor,middle,rural,easy,moderate,yes,1,458.92,78,22.22,33320,6
2000,25,nonbinary,alcohol,rarely,high,yes,no,average,high,rural,moderate,moderate,no,5,50.5,6,30.76,39304,11
2000,18,female,others,daily,medium,no,yes,good,low,suburban,difficult,low,no,6,300.28,67,37.79,47247,18
2011,20,male,marijuana,daily,high,yes,yes,average,low,urban,moderate,moderate,no,6,390.49,48,33.99,4913,15
2012,22,female,alcohol,rarely,high,no,yes,average,high,rural,difficult,low,no,3,166.41,7,19.59545718432511,18450,18
2016,27,male,alcohol,rarely,low,yes,yes,good,low,suburban,moderate,moderate,no,7,136.91,52,18.02,25107,3
2018,18,nonbinary,cocaine,daily,low,yes,no,excellent,low,rural,easy,low,no,9,87.84,14,5.17,24987,17
2004,23,male,hallucinogens,rarely,medium,yes,no,excellent,middle,suburban,moderate,moderate,no,8,196.9,73,19.59545718432511,44404,1
2004,21,nonbinary,cocaine,weekly,medium,yes,yes,average,middle,urban,difficult,low,yes,6,282.1589280469897,15,24.25,21491,11
2018,20,nonbinary,others,rarely,medium,yes,yes,average,high,suburban,difficult,low,no,8,102.13,21,9.15,39494,14
2009,17,male,cocaine,rarely,low,no,yes,poor,high,suburban,easy,low,yes,5,219.51,35,26.87,4373,4
2016,23,male,marijuana,weekly,medium,no,yes,poor,high,suburban,easy,moderate,yes,4,54.08,66,24.73,13161,11
2007,17,nonbinary,hallucinogens,weekly,high,no,yes,excellent,middle,urban,difficult,moderate,no,4,418.41,91,14.33,32996,10
2007,20,female,others,daily,medium,no,yes,average,low,suburban,easy,moderate,no,8,107.8,2,4.54,28122,11
2021,17,female,others,daily,high,yes,yes,poor,low,rural,difficult,low,no,2,177.5,35,26.86,35850,1
2011,15,female,cocaine,weekly,low,no,no,average,low,rural,moderate,moderate,yes,5,58.29,82,20.81,28350,2
2011,19,nonbinary,hallucinogens,weekly,medium,no,yes,excellent,high,urban,difficult,moderate,yes,9,244.51,78,30.89,28472,11
2010,25,female,marijuana,rarely,medium,yes,no,good,middle,suburban,moderate,low,no,4,428.05,20,20.81,29761,19
2011,20,female,marijuana,rarely,high,no,yes,excellent,high,rural,easy,high,yes,4,226.47,82,34.09,26351,4
2008,21,female,alcohol,weekly,low,no,yes,poor,low,suburban,easy,moderate,no,1,130.77,10,22.08,24132,4
2017,23,male,prescription,weekly,low,no,yes,poor,low,urban,easy,low,yes,9,389.16,25,22.44,16305,5
2003,22,male,marijuana,rarely,medium,no,no,average,low,urban,moderate,moderate,no,1,404.96,48,35.07,24987,11
2005,23,nonbinary,prescription,rarely,medium,no,no,excellent,middle,urban,moderate,moderate,no,5,128.19,25,16.14,12261,1
2022,27,nonbinary,hallucinogens,monthly,low,no,yes,poor,high,rural,easy,high,no,4,396.88,54,5.36,1417,11
2008,26,nonbinary,others,weekly,high,no,yes,average,middle,urban,easy,moderate,yes,3,476.28,33,1.15,42576,2
2004,18,female,alcohol,weekly,high,no,no,excellent,low,rural,moderate,moderate,no,6,124.87,36,30.21,21358,19
2014,21,male,cocaine,weekly,low,yes,no,average,middle,urban,easy,low,no,2,396.94,95,24.81,4267,11
2017,18,male,marijuana,monthly,low,yes,no,average,high,urban,difficult,moderate,no,3,368.86,14,28.16,18209,16
2008,24,nonbinary,cocaine,monthly,low,no,yes,poor,middle,suburban,easy,moderate,no,5,263.11,65,8.52,25052,9
2017,22,nonbinary,prescription,daily,low,no,no,average,low,urban,easy,moderate,no,9,76.06,80,5.45,39513,13
2011,19,male,others,daily,low,no,no,good,high,suburban,difficult,high,yes,2,83.61,54,0.58,27092,16
2004,16,female,hallucinogens,weekly,medium,no,yes,average,low,rural,moderate,high,no,8,433.59,52,14.02,12338,11
2012,16,nonbinary,marijuana,rarely,high,yes,yes,poor,low,rural,moderate,low,yes,2,495.57,3,23.6,1412,18
2018,20,male,cocaine,weekly,high,yes,yes,excellent,low,rural,difficult,high,no,5,354.22,99,15.69,8543,16
2020,18,female,cocaine,daily,high,no,no,average,middle,suburban,difficult,moderate,yes,7,250.68,41,17.5,41355,13
2011,19,female,alcohol,rarely,high,yes,no,poor,low,suburban,easy,moderate,yes,8,341.41,6,36.17,34496,8
2014,18,male,cocaine,rarely,low,no,yes,good,middle,suburban,easy,high,no,1,317.48,25,13.93,24548,7
2003,22,male,marijuana,monthly,high,yes,yes,excellent,high,urban,difficult,low,no,6,222.63,13,20.56,28384,1
2022,25,male,marijuana,weekly,low,no,no,poor,low,rural,difficult,low,no,1,79.53,98,31.35,24987,12
2020,23,female,marijuana,rarely,medium,no,yes,good,middle,suburban,moderate,moderate,yes,2,419.68,8,15.86,39756,6
2011,22,female,cocaine,monthly,low,yes,yes,good,low,urban,moderate,moderate,yes,1,217.33,21,24.88,19888,8
2015,20,female,others,monthly,high,no,no,poor,middle,rural,moderate,high,no,5,418.45,98,34.49,36735,10
2021,18,female,alcohol,weekly,medium,no,yes,average,high,urban,difficult,moderate,yes,9,163.63,68,37.98,48295,13
2007,16,male,others,weekly,low,no,yes,excellent,middle,urban,easy,low,no,6,50.46,25,5.88,49816,3
2006,27,nonbinary,alcohol,daily,high,no,yes,excellent,low,rural,easy,moderate,yes,1,121.52,79,37.06,18506,12
2004,23,female,hallucinogens,rarely,medium,no,no,good,middle,urban,moderate,moderate,yes,1,260.84,68,19.68,21463,11
2004,16,male,cocaine,weekly,low,yes,no,average,low,urban,moderate,high,yes,2,474.94,45,10.33,18955,4
2016,19,female,prescription,rarely,low,no,no,poor,low,urban,easy,low,yes,9,95.99,60,18.37,38841,10
2023,21,male,alcohol,weekly,medium,no,no,good,middle,rural,difficult,moderate,no,3,434.39,12,39.2,6104,5
2010,16,male,cocaine,rarely,high,no,yes,poor,high,suburban,moderate,low,no,1,287.16,32,19.7,35911,17
2002,20,male,hallucinogens,weekly,high,no,yes,excellent,low,rural,easy,moderate,no,5,421.66,96,13.15,24190,9
2022,20,nonbinary,others,weekly,low,yes,no,poor,middle,urban,easy,low,no,7,184.27,92,25.34,8357,3
2023,20,nonbinary,prescription,daily,medium,no,yes,good,middle,rural,easy,high,yes,6,427.98,48,9.61,33479,8
2011,16,female,marijuana,monthly,medium,no,no,good,middle,rural,easy,high,no,4,397.77,31,3.03,45811,5
2005,20,male,marijuana,weekly,high,no,yes,excellent,high,rural,easy,moderate,no,5,153.52,78,5.16,37208,1
2017,17,female,cocaine,rarely,high,yes,no,poor,middle,rural,moderate,low,no,5,109.1,20,5.12,21150,16
2018,19,male,alcohol,monthly,medium,yes,no,excellent,low,rural,moderate,moderate,no,6,440.62,18,6.08,6644,4
2022,27,nonbinary,prescription,daily,low,no,yes,good,high,suburban,moderate,low,yes,3,483.46,93,5.55,44286,5
2018,22,female,others,monthly,medium,yes,no,poor,middle,urban,moderate,high,yes,5,64.09,60,25.63,48320,11
2004,21,female,cocaine,rarely,medium,no,no,poor,middle,urban,easy,moderate,no,7,379.07,63,7.28,3914,9
2011,20,nonbinary,cocaine,daily,medium,yes,no,average,low,suburban,moderate,high,yes,5,459.29,48,13.83,22352,11
2002,27,male,alcohol,monthly,low,yes,yes,average,low,rural,easy,low,yes,5,435.81,32,35.87,47352,7
2000,16,male,cocaine,rarely,low,yes,no,poor,low,urban,easy,high,yes,5,484.03,93,18.96,45912,1
2019,17,nonbinary,hallucinogens,rarely,low,yes,no,poor,high,rural,easy,moderate,no,3,392.04,43,26.7,15397,11
2017,23,female,marijuana,weekly,medium,no,no,poor,high,urban,easy,moderate,no,1,282.1589280469897,2,6.89,42555,12
2019,26,nonbinary,alcohol,rarely,medium,yes,yes,poor,high,rural,difficult,moderate,yes,4,190.38,60,7.69,47959,6
2009,23,nonbinary,cocaine,rarely,high,yes,yes,poor,low,rural,moderate,low,yes,9,194.33,23,1.63,1728,9
2012,27,nonbinary,alcohol,weekly,medium,yes,no,average,high,urban,easy,moderate,yes,1,375.99,83,6.76,1698,12
2004,22,male,hallucinogens,weekly,low,yes,yes,poor,high,rural,moderate,moderate,yes,3,385.63,31,11.14,40954,16
2016,27,male,alcohol,daily,medium,no,yes,excellent,low,rural,moderate,high,no,4,140.16,5,7.08,48280,13
2019,18,female,others,daily,high,no,no,good,middle,urban,moderate,moderate,no,1,440.66,83,3.55,14923,1
2006,17,male,prescription,rarely,medium,yes,no,poor,low,urban,difficult,moderate,yes,1,371.72,34,4.83,17779,10
2004,25,female,prescription,daily,low,no,yes,poor,low,urban,easy,low,yes,8,303.24,10,18.43,8400,11
2006,19,nonbinary,others,rarely,medium,no,no,poor,low,suburban,easy,low,no,2,262.19,89,8.25,25466,18
2019,20,nonbinary,hallucinogens,rarely,low,yes,yes,poor,low,urban,easy,low,yes,8,294.45,2,14.57,37939,3
2011,16,male,marijuana,rarely,low,no,yes,poor,low,rural,moderate,moderate,no,7,121.66,11,20.14,5360,18
2020,16,female,hallucinogens,daily,high,yes,no,excellent,low,urban,difficult,high,no,2,141.67,50,19.59545718432511,36270,10
2011,25,female,prescription,rarely,medium,no,yes,good,middle,suburban,difficult,low,no,6,91.02,31,1.57,18101,7
2011,27,male,alcohol,daily,medium,no,no,average,high,urban,moderate,moderate,no,6,119.15,56,31.98,33307,10
2011,21,female,hallucinogens,monthly,high,yes,yes,poor,middle,urban,easy,moderate,no,3,254.16,79,25.12,6486,3
2019,21,male,prescription,monthly,medium,yes,yes,excellent,middle,urban,easy,moderate,no,2,288.66,73,3.27,9335,16
2016,18,male,alcohol,daily,high,no,yes,good,high,rural,easy,moderate,no,1,58.04,87,34.94,22364,6
2001,24,female,hallucinogens,monthly,low,yes,yes,poor,low,rural,moderate,moderate,yes,6,408.56,83,36.83,38259,7
2021,16,male,others,monthly,medium,no,yes,poor,middle,urban,difficult,moderate,yes,5,282.1589280469897,9,2.44,24576,2
2016,19,male,hallucinogens,weekly,high,no,no,poor,high,rural,difficult,moderate,yes,9,282.1589280469897,99,11.08,32667,1
2006,26,male,others,weekly,low,yes,yes,excellent,high,rural,moderate,moderate,yes,1,485.38,21,32.25,24987,14
2017,25,male,cocaine,weekly,low,no,no,excellent,high,suburban,difficult,high,no,4,133.46,73,29.93,22972,4
2010,27,female,prescription,monthly,high,no,no,average,high,suburban,moderate,high,no,5,282.1589280469897,28,19.59545718432511,41419,11
2015,24,female,marijuana,weekly,low,yes,no,good,middle,urban,easy,high,no,5,50.55,62,8.37,2167,3
2013,25,female,hallucinogens,rarely,low,yes,yes,average,low,urban,difficult,high,no,2,319.25,7,14.82,28192,14
2022,17,nonbinary,marijuana,daily,medium,no,yes,poor,high,suburban,difficult,moderate,yes,3,323.29,80,19.38,2062,19
2003,24,nonbinary,hallucinogens,monthly,medium,no,yes,average,low,urban,easy,moderate,no,7,161.39,16,24.73,19540,18
2013,16,nonbinary,cocaine,weekly,low,yes,yes,good,middle,urban,easy,high,yes,6,301.29,97,14.76,25244,2
2020,20,male,marijuana,weekly,medium,no,yes,poor,high,urban,easy,low,no,2,151.49,4,18.5,22545,19
2004,16,male,cocaine,monthly,medium,no,yes,poor,low,rural,easy,low,no,6,122.37,4,29.9,22689,10
2006,16,male,alcohol,daily,medium,no,no,good,high,rural,moderate,high,yes,4,343.18,48,1.47,12174,16
2012,20,female,marijuana,monthly,medium,yes,yes,excellent,low,suburban,easy,low,yes,4,282.1589280469897,17,10.1,23925,11
2020,17,female,others,rarely,high,yes,no,poor,low,rural,difficult,high,no,2,315.62,52,28.53,38497,10
2021,23,female,prescription,weekly,low,yes,yes,good,low,urban,easy,moderate,no,3,244.96,93,35.81,10348,1
2011,27,nonbinary,others,weekly,high,yes,no,good,low,suburban,moderate,high,yes,2,492.96,52,20.47,24714,8
2009,23,nonbinary,prescription,rarely,high,yes,yes,poor,high,suburban,easy,moderate,no,4,117.31,36,21.28,39102,1
2011,18,nonbinary,marijuana,weekly,high,no,yes,good,low,suburban,moderate,high,no,9,259.07,38,4.29,9924,8
2011,24,nonbinary,others,daily,low,no,no,poor,middle,urban,difficult,low,no,4,356.21,50,17.9,38098,8
2003,26,female,prescription,rarely,low,yes,yes,poor,middle,rural,moderate,low,no,1,228.0,63,21.3,24987,7
2011,15,male,others,monthly,medium,yes,no,poor,low,suburban,easy,moderate,no,8,488.61,63,9.7,7801,16
2007,15,male,others,daily,medium,no,yes,average,middle,urban,difficult,low,no,4,374.85,62,10.77,38614,11
2005,20,nonbinary,others,monthly,high,yes,yes,average,high,rural,easy,low,yes,3,345.64,99,15.09,7731,10
2018,18,male,others,rarely,low,no,no,poor,high,suburban,difficult,high,no,1,390.68,7,0.8,49136,7
2013,25,female,alcohol,monthly,high,yes,no,good,high,urban,easy,low,no,5,478.69,48,12.88,24625,9
2018,17,male,prescription,monthly,high,no,no,excellent,high,urban,difficult,moderate,no,4,458.52,48,8.46,18337,6
2011,26,male,marijuana,monthly,high,yes,yes,poor,low,suburban,easy,low,yes,8,375.93,86,13.1,36307,2
2016,27,nonbinary,hallucinogens,daily,low,no,no,good,high,urban,difficult,moderate,no,1,387.12,14,4.79,8056,2
2012,19,male,prescription,monthly,medium,no,no,excellent,low,rural,difficult,moderate,yes,1,115.66,71,35.62,12516,17
2018,26,female,cocaine,daily,low,no,no,average,middle,urban,easy,high,no,4,96.26,86,23.74,45261,4
2000,20,nonbinary,marijuana,daily,high,yes,yes,poor,middle,suburban,moderate,high,no,8,306.91,5,27.16,2542,11
2022,20,male,hallucinogens,monthly,low,no,yes,poor,high,urban,moderate,moderate,no,5,58.27,55,31.57,22677,11
2018,26,male,prescription,monthly,low,no,yes,excellent,middle,rural,easy,high,yes,2,267.06,2,19.94,47732,11
2003,27,female,marijuana,rarely,low,yes,no,good,high,urban,difficult,low,no,6,144.66,62,19.59545718432511,40081,5
2012,24,nonbinary,hallucinogens,weekly,medium,yes,no,average,middle,rural,easy,moderate,no,5,205.71,91,21.48,28569,1
2001,24,nonbinary,others,daily,high,no,yes,good,low,suburban,easy,low,no,2,399.11,21,23.47,24987,11
2001,20,male,prescription,weekly,medium,no,yes,excellent,low,urban,easy,low,no,3,473.56,79,29.82,20065,11
2001,22,male,cocaine,daily,medium,yes,yes,excellent,middle,urban,easy,high,no,9,82.59,21,17.27,18924,4
2003,21,female,others,rarely,medium,no,yes,poor,middle,urban,difficult,low,yes,7,290.41,10,5.1,23556,11
2008,22,nonbinary,alcohol,monthly,low,no,no,average,low,suburban,moderate,high,yes,7,447.14,87,11.35,27962,16
2008,18,male,alcohol,monthly,medium,yes,no,good,high,rural,easy,moderate,yes,6,87.13,58,14.52,24987,16
2012,23,female,alcohol,rarely,low,no,yes,average,low,rural,moderate,low,yes,8,421.03,39,25.84,14807,9
2003,18,male,alcohol,rarely,high,no,yes,average,high,suburban,difficult,moderate,yes,4,211.01,5,22.83,43348,16
2011,20,nonbinary,others,weekly,high,no,no,poor,high,rural,easy,low,no,8,194.94,65,14.24,27432,14
2007,16,male,others,monthly,high,no,yes,poor,low,urban,easy,high,yes,4,489.86,13,19.59545718432511,18749,11
2018,26,female,cocaine,daily,high,yes,yes,good,low,urban,difficult,low,no,8,140.39,85,24.23,42459,15
2011,26,nonbinary,hallucinogens,monthly,medium,yes,yes,excellent,middle,urban,easy,high,no,9,361.94,90,9.49,27256,18
2012,18,female,others,daily,medium,no,yes,poor,low,urban,moderate,high,yes,3,419.65,85,4.07,41262,7
2001,19,nonbinary,others,rarely,medium,yes,yes,excellent,low,suburban,easy,low,yes,3,68.53,53,6.11,38080,16
2005,17,male,alcohol,daily,medium,yes,yes,average,middle,suburban,difficult,moderate,yes,2,351.67,82,9.84,2324,4
2009,17,female,others,rarely,low,yes,no,excellent,low,rural,easy,high,no,3,478.2,45,6.43,26731,15
2011,24,female,marijuana,weekly,low,yes,yes,excellent,high,suburban,moderate,high,yes,3,105.9,32,7.46,36909,5
2023,17,female,cocaine,rarely,high,yes,no,poor,low,suburban,easy,high,yes,5,453.3,48,11.4,24803,7
2010,16,male,cocaine,rarely,high,no,yes,poor,middle,urban,easy,high,yes,5,317.65,81,6.93,20870,17
2004,25,female,others,daily,low,no,yes,excellent,high,urban,difficult,moderate,no,2,327.47,99,35.87,35578,11
2006,24,nonbinary,others,weekly,high,yes,yes,good,low,suburban,difficult,moderate,yes,6,325.82,60,3.21,7588,14
2001,23,nonbinary,prescription,monthly,medium,no,yes,poor,high,urban,difficult,high,yes,5,184.48,11,20.98,39069,8
2010,15,male,prescription,rarely,high,no,no,good,middle,rural,easy,high,no,6,470.84,63,16.42,27790,12
2018,27,female,marijuana,weekly,medium,yes,yes,poor,low,urban,easy,high,yes,1,476.31,21,39.3,26289,14
2008,24,male,alcohol,weekly,high,no,yes,good,middle,urban,difficult,low,yes,5,331.39,52,4.48,29178,9
2015,22,nonbinary,marijuana,rarely,high,yes,no,excellent,high,urban,easy,low,yes,9,402.54,55,15.91,29710,15
2011,26,male,hallucinogens,weekly,low,no,yes,average,high,urban,easy,low,no,2,325.52,26,38.78,16485,6
2007,21,female,prescription,daily,medium,yes,yes,poor,high,rural,easy,moderate,yes,1,282.1589280469897,68,34.62,45482,16
2002,26,male,marijuana,daily,medium,yes,no,poor,high,urban,moderate,high,no,9,347.37,34,32.68,21652,6
2003,20,female,alcohol,monthly,low,no,yes,good,low,suburban,easy,high,no,4,298.85,52,19.59545718432511,5748,13
2013,19,nonbinary,others,rarely,low,yes,no,poor,high,urban,moderate,high,no,9,318.86,82,6.84,24987,14
2004,19,male,hallucinogens,weekly,low,yes,no,average,low,urban,easy,high,yes,6,402.72,99,19.59545718432511,10435,6
2011,18,female,marijuana,weekly,high,no,yes,poor,high,suburban,difficult,low,no,8,266.41,93,37.18,4709,8
2016,15,male,hallucinogens,daily,high,no,no,average,low,suburban,easy,low,no,1,68.34,52,22.27,31355,18
2008,16,female,marijuana,monthly,medium,yes,no,average,high,suburban,difficult,low,no,4,282.1589280469897,29,22.86,14116,15
2013,27,male,cocaine,rarely,high,yes,no,excellent,low,urban,easy,high,no,1,247.37,48,11.2,26470,7
2022,19,female,hallucinogens,monthly,high,yes,yes,poor,high,urban,easy,moderate,no,8,376.17,42,30.78,43344,17
2011,22,female,prescription,monthly,medium,yes,yes,excellent,high,rural,easy,low,no,1,316.98,21,7.48,43918,17
2020,16,male,marijuana,weekly,high,yes,yes,good,high,suburban,moderate,moderate,no,3,342.63,42,12.95,40298,19
2013,26,female,marijuana,weekly,medium,yes,no,poor,low,urban,moderate,low,no,4,265.68,13,17.02,43956,6
2007,20,female,cocaine,daily,medium,no,yes,good,high,rural,moderate,moderate,no,4,327.08,64,20.3,15683,2
2004,15,female,marijuana,weekly,high,no,no,poor,high,suburban,moderate,low,no,6,282.1589280469897,48,9.7,1504,17
2012,25,nonbinary,marijuana,weekly,medium,no,yes,average,high,urban,moderate,high,no,7,261.58,9,4.59,34982,9
2011,16,male,others,weekly,high,no,yes,average,high,urban,difficult,high,no,8,384.93,41,24.42,35299,6
2017,17,female,marijuana,rarely,low,yes,no,poor,middle,urban,difficult,low,no,2,442.32,1,11.55,29016,16
2013,17,female,marijuana,rarely,low,no,no,good,middle,suburban,difficult,high,no,8,245.14,2,23.25,24960,13
2021,21,nonbinary,others,daily,low,no,yes,poor,high,rural,moderate,moderate,no,3,69.65,60,6.17,34591,11
2002,15,nonbinary,hallucinogens,weekly,low,no,yes,poor,middle,rural,difficult,moderate,yes,7,122.75,48,19.59545718432511,18312,11
2007,25,nonbinary,cocaine,monthly,low,no,yes,average,low,urban,moderate,low,yes,1,282.1589280469897,23,19.59545718432511,45020,4
2012,20,nonbinary,marijuana,daily,high,no,yes,poor,high,suburban,difficult,moderate,yes,4,71.95,23,27.93,39649,9
2011,18,female,prescription,rarely,low,no,no,poor,middle,rural,easy,high,yes,4,74.7,2,19.59545718432511,11647,4
2018,23,male,hallucinogens,monthly,low,yes,no,poor,low,urban,moderate,low,no,1,204.14,44,19.59545718432511,44585,17
2011,18,female,prescription,weekly,high,yes,yes,excellent,high,rural,moderate,high,no,7,272.42,39,28.58,41818,8
2000,17,nonbinary,hallucinogens,monthly,medium,yes,no,average,low,suburban,easy,high,no,5,488.99,48,26.08,47717,3
2017,20,male,marijuana,weekly,high,no,no,poor,high,urban,difficult,moderate,yes,9,273.66,65,7.81,43107,12
2004,27,male,others,rarely,high,yes,no,poor,high,rural,difficult,low,no,1,340.27,52,2.07,3961,16
2004,20,male,hallucinogens,rarely,high,no,yes,good,high,rural,easy,low,no,1,282.1589280469897,48,1.06,19711,6
2001,23,nonbinary,prescription,monthly,medium,no,no,poor,high,urban,difficult,high,yes,5,184.48,11,20.98,39069,8
2004,23,male,cocaine,daily,medium,no,yes,good,low,rural,easy,moderate,no,4,481.38,61,16.78,4436,13
2012,25,female,alcohol,monthly,low,yes,yes,poor,low,urban,easy,low,no,8,282.1589280469897,48,31.2,24664,5
2022,22,female,marijuana,weekly,high,no,no,good,high,rural,easy,high,yes,1,112.47,28,14.34,30127,9
2009,23,nonbinary,cocaine,rarely,high,yes,no,poor,low,rural,moderate,low,yes,9,194.33,23,1.63,24987,9
2003,22,male,marijuana,monthly,high,yes,yes,excellent,high,urban,difficult,low,no,6,222.63,48,20.56,28384,1
2013,24,nonbinary,cocaine,weekly,high,yes,yes,poor,low,suburban,easy,low,yes,9,226.23,87,19.59545718432511,24987,2
2019,20,female,prescription,daily,low,no,no,poor,high,suburban,moderate,low,yes,4,447.31,75,32.9,24289,6
2006,24,female,marijuana,weekly,low,yes,yes,good,low,rural,moderate,moderate,yes,4,363.07,97,19.59545718432511,27646,2
2004,16,female,prescription,monthly,high,yes,yes,poor,low,urban,moderate,high,no,8,51.05,50,15.53,46236,19
2001,21,female,others,monthly,medium,yes,yes,good,middle,urban,easy,low,no,6,282.1589280469897,45,18.97,6600,18
2001,20,female,alcohol,daily,high,yes,yes,poor,middle,urban,easy,low,yes,9,304.6,51,1.22,13874,9
2005,23,female,alcohol,daily,low,yes,yes,good,low,rural,easy,low,yes,4,213.24,80,23.13,16151,2
2011,17,female,marijuana,monthly,high,yes,yes,excellent,middle,urban,difficult,high,no,4,396.94,36,30.31,6895,9
2019,19,male,marijuana,monthly,high,no,no,average,middle,rural,moderate,moderate,yes,9,498.35,30,38.77,9130,18
2015,18,male,marijuana,daily,low,no,no,poor,middle,rural,moderate,high,no,4,373.31,97,23.92,45974,4
2021,19,female,marijuana,daily,low,no,no,average,middle,urban,difficult,moderate,yes,4,298.28,90,38.54,19227,3
2018,23,female,prescription,monthly,medium,yes,yes,poor,middle,suburban,easy,high,no,8,207.22,13,14.71,3327,7
2022,20,female,hallucinogens,weekly,medium,yes,yes,excellent,low,urban,moderate,moderate,yes,9,114.41,70,13.5,34270,16
2004,19,male,others,weekly,medium,yes,yes,poor,low,rural,easy,low,yes,1,458.92,78,22.22,33320,6
2017,25,nonbinary,alcohol,weekly,medium,no,yes,poor,high,urban,moderate,low,yes,6,272.29,33,20.75,26446,1
2011,20,nonbinary,prescription,weekly,medium,no,no,good,high,urban,easy,low,yes,7,282.1589280469897,64,3.08,4561,10
2004,15,female,marijuana,weekly,medium,yes,yes,excellent,high,suburban,easy,moderate,yes,6,133.84,26,4.54,22959,2
